54.80004,5.89E-05,0,-1.37E-01
54.80104,6.05E-05,0.001,2.40E-02
54.80204,6.19E-05,0.002,1.58E-01
54.80304,6.24E-05,0.003,2.05E-01
54.80404,6.07E-05,0.004,4.20E-02
54.80504,6.12E-05,0.005,8.50E-02
54.80604,6.19E-05,0.006,1.60E-01
54.80704,6.18E-05,0.007,1.49E-01
54.80804,6.03E-05,0.008,8.35E-04
54.80904,6.03E-05,0.009,-4.50E-03
54.81004,6.14E-05,0.01,1.10E-01
54.81104,6.07E-05,0.011,4.12E-02
54.81204,6.03E-05,0.012,2.32E-03
54.81304,6.20E-05,0.013,1.71E-01
54.81404,6.11E-05,0.014,8.06E-02
54.81504,6.14E-05,0.015,1.13E-01
54.81604,6.10E-05,0.016,6.61E-02
54.81704,6.00E-05,0.017,-2.50E-02
54.81804,6.01E-05,0.018,-1.87E-02
54.81904,5.99E-05,0.019,-4.16E-02
54.82004,6.16E-05,0.02,1.31E-01
54.82104,6.27E-05,0.021,2.37E-01
54.82204,6.18E-05,0.022,1.54E-01
54.82304,6.09E-05,0.023,5.84E-02
54.82404,6.11E-05,0.024,7.64E-02
54.82504,6.22E-05,0.025,1.92E-01
54.82604,6.19E-05,0.026,1.59E-01
54.82704,5.95E-05,0.027,-7.95E-02
54.82804,6.10E-05,0.028,7.08E-02
54.82904,6.47E-05,0.029,4.37E-01
54.83004,6.19E-05,0.03,1.59E-01
54.83104,6.47E-05,0.031,4.41E-01
54.83204,6.43E-05,0.032,4.01E-01
54.83304,6.08E-05,0.033,5.24E-02
54.83404,6.40E-05,0.034,3.65E-01
54.83504,6.53E-05,0.035,4.98E-01
54.83604,6.43E-05,0.036,3.94E-01
54.83704,6.32E-05,0.037,2.87E-01
54.83804,6.60E-05,0.038,5.70E-01
54.83904,6.64E-05,0.039,6.11E-01
54.84004,6.74E-05,0.04,7.05E-01
54.84104,6.69E-05,0.041,6.57E-01
54.84204,6.58E-05,0.042,5.43E-01
54.84304,6.67E-05,0.043,6.38E-01
54.84404,6.59E-05,0.044,5.57E-01
54.84504,6.55E-05,0.045,5.18E-01
54.84604,6.39E-05,0.046,3.60E-01
54.84704,5.14E-05,0.047,-8.85E-01
54.84804,3.14E-05,0.048,-2.88E+00
54.84904,5.94E-05,0.049,-9.31E-02
54.85004,3.87E-05,0.05,-2.15E+00
54.85104,3.94E-05,0.051,-2.08E+00
54.85204,5.98E-05,0.052,-4.51E-02
54.85304,3.10E-05,0.053,-2.91E+00
54.85404,5.09E-05,0.054,-9.37E-01
54.85504,0.000113,0.055,5.242560079
54.85604,8.17E-05,0.056,2.12E+00
54.85704,2.26E-05,0.057,-3.75E+00
54.85804,5.74E-05,0.058,-2.88E-01
54.85904,0.000106,0.059,4.546242198
54.86004,8.10E-05,0.06,2.05E+00
54.86104,3.94E-05,0.061,-2.08E+00
54.86204,4.53E-05,0.062,-1.49E+00
54.86304,6.50E-05,0.063,4.72E-01
54.86404,6.05E-05,0.064,1.89E-02
54.86504,5.22E-05,0.065,-8.10E-01
54.86604,6.68E-05,0.066,6.43E-01
54.86704,7.82E-05,0.067,1.78E+00
54.86804,5.57E-05,0.068,-4.55E-01
54.86904,5.14E-05,0.069,-8.84E-01
54.87004,6.50E-05,0.07,4.72E-01
54.87104,6.86E-05,0.071,8.29E-01
54.87204,6.10E-05,0.072,7.20E-02
54.87304,6.44E-05,0.073,4.03E-01
54.87404,6.16E-05,0.074,1.33E-01
54.87504,5.78E-05,0.075,-2.52E-01
54.87604,6.08E-05,0.076,4.92E-02
54.87704,6.76E-05,0.077,7.31E-01
54.87804,6.43E-05,0.078,3.96E-01
54.87904,5.95E-05,0.079,-7.45E-02
54.88004,5.98E-05,0.08,-5.28E-02
54.88104,6.40E-05,0.081,3.67E-01
54.88204,6.35E-05,0.082,3.18E-01
54.88304,6.42E-05,0.083,3.91E-01
54.88404,6.54E-05,0.084,5.08E-01
54.88504,6.17E-05,0.085,1.37E-01
54.88604,6.27E-05,0.086,2.43E-01
54.88704,6.67E-05,0.087,6.33E-01
54.88804,6.51E-05,0.088,4.80E-01
54.88904,6.34E-05,0.089,3.06E-01
54.89004,6.37E-05,0.09,3.41E-01
54.89104,6.18E-05,0.091,1.47E-01
54.89204,6.45E-05,0.092,4.15E-01
54.89304,6.67E-05,0.093,6.39E-01
54.89404,6.79E-05,0.094,7.61E-01
54.89504,6.26E-05,0.095,2.32E-01
54.89604,6.25E-05,0.096,2.18E-01
54.89704,6.89E-05,0.097,8.56E-01
54.89804,6.99E-05,0.098,9.53E-01
54.89904,6.88E-05,0.099,8.50E-01
54.90004,6.50E-05,0.1,4.68E-01
54.90104,6.68E-05,0.101,6.49E-01
54.90204,6.74E-05,0.102,7.05E-01
54.90304,7.33E-05,0.103,1.29E+00
54.90404,9.52E-05,0.104,3.47E+00
54.90504,0.000122,0.105,6.137825926
54.90604,0.000204,0.106,14.29469253
54.90704,0.00019,0.107,12.90205677
54.90804,0.000151,0.108,9.022571433
54.90904,0.000262,0.109,20.06418355
54.91004,0.000311,0.11,24.93840871
54.91104,0.000423,0.111,36.07949481
54.91204,0.000296,0.112,23.44629897
54.91304,0.000284,0.113,22.25261117
54.91404,0.000257,0.114,19.56681363
54.91504,0.000233,0.115,17.17943804
54.91604,0.000251,0.116,18.96996973
54.91704,0.000249,0.117,18.77102177
54.91804,0.000235,0.118,17.37838601
54.91904,0.000229,0.119,16.78154211
54.92004,0.00023,0.12,16.88101609
54.92104,0.000239,0.121,17.77628194
54.92204,0.000244,0.122,18.27365185
54.92304,0.000254,0.123,19.26839168
54.92404,0.000267,0.124,20.56155346
54.92504,0.000276,0.125,21.45681931
54.92604,0.000284,0.126,22.25261117
54.92704,0.000292,0.127,23.04840304
54.92804,0.000303,0.128,24.14261685
54.92904,0.00031,0.129,24.83893473
54.93004,0.00032,0.13,25.83367456
54.93104,0.000328,0.131,26.62946642
54.93204,0.000336,0.132,27.42525829
54.93304,0.000354,0.133,29.21578998
54.93404,0.000364,0.134,30.21052981
54.93504,0.000377,0.135,31.50369159
54.93604,0.000383,0.136,32.10053549
54.93704,0.000394,0.137,33.1947493
54.93804,0.000406,0.138,34.3884371
54.93904,0.000411,0.139,34.88580701
54.94004,0.000421,0.14,35.88054684
54.94104,0.000427,0.141,36.47739074
54.94204,0.000442,0.142,37.96950049
54.94304,0.000445,0.143,38.26792244
54.94404,0.000452,0.144,38.96424032
54.94504,0.000452,0.145,38.96424032
54.94604,0.000455,0.146,39.26266227
54.94704,0.000461,0.147,39.85950616
54.94804,0.000468,0.148,40.55582404
54.94904,0.000468,0.149,40.55582404
54.95004,0.000475,0.15,41.25214193
54.95104,0.000475,0.151,41.25214193
54.95204,0.000476,0.152,41.35161591
54.95304,0.000482,0.153,41.94845981
54.95404,0.000488,0.154,42.5453037
54.95504,0.000494,0.155,43.1421476
54.95604,0.000494,0.156,43.1421476
54.95704,0.000493,0.157,43.04267362
54.95804,0.000497,0.158,43.44056955
54.95904,0.000504,0.159,44.13688743
54.96004,0.000506,0.16,44.3358354
54.96104,0.000511,0.161,44.83320531
54.96204,0.000513,0.162,45.03215328
54.96304,0.000514,0.163,45.13162726
54.96404,0.000523,0.164,46.02689311
54.96504,0.000525,0.165,46.22584108
54.96604,0.000522,0.166,45.92741913
54.96704,0.000528,0.167,46.52426302
54.96804,0.000536,0.168,47.32005489
54.96904,0.000551,0.169,48.81216463
54.97004,0.000552,0.17,48.91163862
54.97104,0.000553,0.171,49.0111126
54.97204,0.000554,0.172,49.11058658
54.97304,0.00056,0.173,49.70743048
54.97404,0.000563,0.174,50.00585243
54.97504,0.000562,0.175,49.90637845
54.97604,0.000569,0.176,50.60269633
54.97704,0.00057,0.177,50.70217031
54.97804,0.000575,0.178,51.19954023
54.97904,0.000576,0.179,51.29901421
54.98004,0.000583,0.18,51.99533209
54.98104,0.000588,0.181,52.492702
54.98204,0.000591,0.182,52.79112395
54.98304,0.000598,0.183,53.48744183
54.98404,0.000599,0.184,53.58691582
54.98504,0.000604,0.185,54.08428573
54.98604,0.000604,0.186,54.08428573
54.98704,0.000607,0.187,54.38270768
54.98804,0.000615,0.188,55.17849955
54.98904,0.000609,0.189,54.58165565
54.99004,0.000617,0.19,55.37744751
54.99104,0.000615,0.191,55.17849955
54.99204,0.000611,0.192,54.78060361
54.99304,0.000594,0.193,53.0895459
54.99404,0.000563,0.194,50.00585243
54.99504,0.000553,0.195,49.0111126
54.99604,0.000563,0.196,50.00585243
54.99704,0.000566,0.197,50.30427438
54.99804,0.000577,0.198,51.39848819
54.99904,0.000658,0.199,59.45588081
55.00004,0.000775,0.2,71.09433683
55.00104,0.000741,0.201,67.7122214
55.00204,0.000635,0.202,57.16797921
55.00304,0.000665,0.203,60.1521987
55.00404,0.00074,0.204,67.61274742
55.00504,0.000753,0.205,68.9059092
55.00604,0.000695,0.206,63.13641819
55.00704,0.000661,0.207,59.75430276
55.00804,0.000709,0.208,64.52905395
55.00904,0.000744,0.209,68.01064335
55.01004,0.000714,0.21,65.02642386
55.01104,0.000681,0.211,61.74378242
55.01204,0.00069,0.212,62.63904827
55.01304,0.000726,0.213,66.22011166
55.01404,0.000728,0.214,66.41905962
55.01504,0.000698,0.215,63.43484013
55.01604,0.000703,0.216,63.93221005
55.01704,0.000725,0.217,66.12063768
55.01804,0.000724,0.218,66.02116369
55.01904,0.00072,0.219,65.62326776
55.02004,0.000716,0.22,65.22537183
55.02104,0.000723,0.221,65.92168971
55.02204,0.000722,0.222,65.82221573
55.02304,0.000721,0.223,65.72274174
55.02404,0.000719,0.224,65.52379378
55.02504,0.000725,0.225,66.12063768
55.02604,0.000722,0.226,65.82221573
55.02704,0.000724,0.227,66.02116369
55.02804,0.000729,0.228,66.51853361
55.02904,0.000722,0.229,65.82221573
55.03004,0.000724,0.23,66.02116369
55.03104,0.000726,0.231,66.22011166
55.03204,0.000732,0.232,66.81695556
55.03304,0.000743,0.233,67.91116937
55.03404,0.000759,0.234,69.5027531
55.03504,0.000749,0.235,68.50801327
55.03604,0.000733,0.236,66.91642954
55.03704,0.000733,0.237,66.91642954
55.03804,0.000738,0.238,67.41379945
55.03904,0.000735,0.239,67.11537751
55.04004,0.000737,0.24,67.31432547
55.04104,0.000738,0.241,67.41379945
55.04204,0.000743,0.242,67.91116937
55.04304,0.000746,0.243,68.20959132
55.04404,0.000748,0.244,68.40853928
55.04504,0.000751,0.245,68.70696123
55.04604,0.000758,0.246,69.40327911
55.04704,0.000754,0.247,69.00538318
55.04804,0.000754,0.248,69.00538318
55.04904,0.000751,0.249,68.70696123
55.05004,0.000751,0.25,68.70696123
55.05104,0.000751,0.251,68.70696123
55.05204,0.00075,0.252,68.60748725
55.05304,0.000748,0.253,68.40853928
55.05404,0.000747,0.254,68.3090653
55.05504,0.000747,0.255,68.3090653
55.05604,0.000749,0.256,68.50801327
55.05704,0.000752,0.257,68.80643522
55.05804,0.000755,0.258,69.10485717
55.05904,0.000758,0.259,69.40327911
55.06004,0.000759,0.26,69.5027531
55.06104,0.000756,0.261,69.20433115
55.06204,0.000765,0.262,70.099597
55.06304,0.00077,0.263,70.59696691
55.06404,0.000761,0.264,69.70170106
55.06504,0.000762,0.265,69.80117505
55.06604,0.000764,0.266,70.00012301
55.06704,0.00076,0.267,69.60222708
55.06804,0.000766,0.268,70.19907098
55.06904,0.000758,0.269,69.40327911
55.07004,0.000757,0.27,69.30380513
55.07104,0.000762,0.271,69.80117505
55.07204,0.000755,0.272,69.10485717
55.07304,0.000752,0.273,68.80643522
55.07404,0.000748,0.274,68.40853928
55.07504,0.000754,0.275,69.00538318
55.07604,0.000758,0.276,69.40327911
55.07704,0.000751,0.277,68.70696123
55.07804,0.000752,0.278,68.80643522
55.07904,0.000746,0.279,68.20959132
55.08004,0.00074,0.28,67.61274742
55.08104,0.000745,0.281,68.11011734
55.08204,0.000753,0.282,68.9059092
55.08304,0.000746,0.283,68.20959132
55.08404,0.000746,0.284,68.20959132
55.08504,0.000746,0.285,68.20959132
55.08604,0.00074,0.286,67.61274742
55.08704,0.000745,0.287,68.11011734
55.08804,0.000745,0.288,68.11011734
55.08904,0.000749,0.289,68.50801327
55.09004,0.000751,0.29,68.70696123
55.09104,0.000752,0.291,68.80643522
55.09204,0.00075,0.292,68.60748725
55.09304,0.000748,0.293,68.40853928
55.09404,0.000749,0.294,68.50801327
55.09504,0.000748,0.295,68.40853928
55.09604,0.000753,0.296,68.9059092
55.09704,0.000746,0.297,68.20959132
55.09804,0.000746,0.298,68.20959132
55.09904,0.000745,0.299,68.11011734
55.10004,0.000749,0.3,68.50801327
55.10104,0.00075,0.301,68.60748725
55.10204,0.000755,0.302,69.10485717
55.10304,0.000758,0.303,69.40327911
55.10404,0.000755,0.304,69.10485717
55.10504,0.000749,0.305,68.50801327
55.10604,0.000753,0.306,68.9059092
55.10704,0.000754,0.307,69.00538318
55.10804,0.000754,0.308,69.00538318
55.10904,0.00075,0.309,68.60748725
55.11004,0.000761,0.31,69.70170106
55.11104,0.000761,0.311,69.70170106
55.11204,0.000757,0.312,69.30380513
55.11304,0.000762,0.313,69.80117505
55.11404,0.00076,0.314,69.60222708
55.11504,0.000763,0.315,69.90064903
55.11604,0.000758,0.316,69.40327911
55.11704,0.000758,0.317,69.40327911
55.11804,0.000753,0.318,68.9059092
55.11904,0.000754,0.319,69.00538318
55.12004,0.000758,0.32,69.40327911
55.12104,0.000761,0.321,69.70170106
55.12204,0.000762,0.322,69.80117505
55.12304,0.000763,0.323,69.90064903
55.12404,0.000759,0.324,69.5027531
55.12504,0.00076,0.325,69.60222708
55.12604,0.000765,0.326,70.099597
55.12704,0.000765,0.327,70.099597
55.12804,0.000771,0.328,70.69644089
55.12904,0.000761,0.329,69.70170106
55.13004,0.000772,0.33,70.79591488
55.13104,0.000784,0.331,71.98960267
55.13204,0.000786,0.332,72.18855064
55.13304,0.000782,0.333,71.79065471
55.13404,0.000788,0.334,72.3874986
55.13504,0.00078,0.335,71.59170674
55.13604,0.000781,0.336,71.69118072
55.13704,0.000782,0.337,71.79065471
55.13804,0.00078,0.338,71.59170674
55.13904,0.000776,0.339,71.19381081
55.14004,0.000782,0.34,71.79065471
55.14104,0.000783,0.341,71.89012869
55.14204,0.000784,0.342,71.98960267
55.14304,0.000778,0.343,71.39275877
55.14404,0.000771,0.344,70.69644089
55.14504,0.000773,0.345,70.89538886
55.14604,0.000783,0.346,71.89012869
55.14704,0.000788,0.347,72.3874986
55.14804,0.000785,0.348,72.08907666
55.14904,0.00078,0.349,71.59170674
55.15004,0.000781,0.35,71.69118072
55.15104,0.000777,0.351,71.29328479
55.15204,0.000784,0.352,71.98960267
55.15304,0.000787,0.353,72.28802462
55.15404,0.000781,0.354,71.69118072
55.15504,0.000778,0.355,71.39275877
55.15604,0.000784,0.356,71.98960267
55.15704,0.000781,0.357,71.69118072
55.15804,0.000781,0.358,71.69118072
55.15904,0.000784,0.359,71.98960267
55.16004,0.000786,0.36,72.18855064
55.16104,0.000783,0.361,71.89012869
55.16204,0.000779,0.362,71.49223276
55.16304,0.000832,0.363,76.76435386
55.16404,0.000828,0.364,76.36645792
55.16504,0.000812,0.365,74.7748742
55.16604,0.000804,0.366,73.97908233
55.16704,0.000804,0.367,73.97908233
55.16804,0.000811,0.368,74.67540021
55.16904,0.000804,0.369,73.97908233
55.17004,0.000795,0.37,73.08381649
55.17104,0.000796,0.371,73.18329047
55.17204,0.000797,0.372,73.28276445
55.17304,0.000793,0.373,72.88486852
55.17404,0.000791,0.374,72.68592055
55.17504,0.00077,0.375,70.59696691
55.17604,0.000782,0.376,71.79065471
55.17704,0.000795,0.377,73.08381649
55.17804,0.000796,0.378,73.18329047
55.17904,0.000796,0.379,73.18329047
55.18004,0.000784,0.38,71.98960267
55.18104,0.000788,0.381,72.3874986
55.18204,0.000782,0.382,71.79065471
55.18304,0.000777,0.383,71.29328479
55.18404,0.000784,0.384,71.98960267
55.18504,0.000784,0.385,71.98960267
55.18604,0.000785,0.386,72.08907666
55.18704,0.000781,0.387,71.69118072
55.18804,0.000784,0.388,71.98960267
55.18904,0.000784,0.389,71.98960267
55.19004,0.000784,0.39,71.98960267
55.19104,0.000779,0.391,71.49223276
55.19204,0.000786,0.392,72.18855064
55.19304,0.000786,0.393,72.18855064
55.19404,0.000785,0.394,72.08907666
55.19504,0.000786,0.395,72.18855064
55.19604,0.000781,0.396,71.69118072
55.19704,0.000778,0.397,71.39275877
55.19804,0.000787,0.398,72.28802462
55.19904,0.000798,0.399,73.38223843
55.20004,0.000791,0.4,72.68592055
55.20104,0.000798,0.401,73.38223843
55.20204,0.0008,0.402,73.5811864
55.20304,0.000795,0.403,73.08381649
55.20404,0.000797,0.404,73.28276445
55.20504,0.000798,0.405,73.38223843
55.20604,0.0008,0.406,73.5811864
55.20704,0.000796,0.407,73.18329047
55.20804,0.0008,0.408,73.5811864
55.20904,0.000808,0.409,74.37697826
55.21004,0.000813,0.41,74.87434818
55.21104,0.000811,0.411,74.67540021
55.21204,0.000806,0.412,74.1780303
55.21304,0.000807,0.413,74.27750428
55.21404,0.000808,0.414,74.37697826
55.21504,0.000807,0.415,74.27750428
55.21604,0.000807,0.416,74.27750428
55.21704,0.000807,0.417,74.27750428
55.21804,0.000798,0.418,73.38223843
55.21904,0.000802,0.419,73.78013437
55.22004,0.000805,0.42,74.07855632
55.22104,0.000811,0.421,74.67540021
55.22204,0.000813,0.422,74.87434818
55.22304,0.000806,0.423,74.1780303
55.22404,0.00081,0.424,74.57592623
55.22504,0.000809,0.425,74.47645225
55.22604,0.000808,0.426,74.37697826
55.22704,0.000813,0.427,74.87434818
55.22804,0.00081,0.428,74.57592623
55.22904,0.000811,0.429,74.67540021
55.23004,0.000799,0.43,73.48171242
55.23104,0.000811,0.431,74.67540021
55.23204,0.00083,0.432,76.56540589
55.23304,0.000824,0.433,75.96856199
55.23404,0.000816,0.434,75.17277013
55.23504,0.000828,0.435,76.36645792
55.23604,0.000817,0.436,75.27224411
55.23704,0.00081,0.437,74.57592623
55.23804,0.000817,0.438,75.27224411
55.23904,0.00082,0.439,75.57066606
55.24004,0.000807,0.44,74.27750428
55.24104,0.000806,0.441,74.1780303
55.24204,0.000797,0.442,73.28276445
55.24304,0.000802,0.443,73.78013437
55.24404,0.0008,0.444,73.5811864
55.24504,0.000804,0.445,73.97908233
55.24604,0.000805,0.446,74.07855632
55.24704,0.000799,0.447,73.48171242
55.24804,0.000798,0.448,73.38223843
55.24904,0.000796,0.449,73.18329047
55.25004,0.000799,0.45,73.48171242
55.25104,0.000804,0.451,73.97908233
55.25204,0.000803,0.452,73.87960835
55.25304,0.000805,0.453,74.07855632
55.25404,0.000813,0.454,74.87434818
55.25504,0.000816,0.455,75.17277013
55.25604,0.000816,0.456,75.17277013
55.25704,0.000817,0.457,75.27224411
55.25804,0.000819,0.458,75.47119208
55.25904,0.000826,0.459,76.16750996
55.26004,0.00082,0.46,75.57066606
55.26104,0.000813,0.461,74.87434818
55.26204,0.000824,0.462,75.96856199
55.26304,0.000818,0.463,75.37171809
55.26404,0.000812,0.464,74.7748742
55.26504,0.000818,0.465,75.37171809
55.26604,0.000818,0.466,75.37171809
55.26704,0.000809,0.467,74.47645225
55.26804,0.000827,0.468,76.26698394
55.26904,0.000851,0.469,78.65435953
55.27004,0.000835,0.47,77.06277581
55.27104,0.000828,0.471,76.36645792
55.27204,0.000824,0.472,75.96856199
55.27304,0.00083,0.473,76.56540589
55.27404,0.000824,0.474,75.96856199
55.27504,0.000812,0.475,74.7748742
55.27604,0.000813,0.476,74.87434818
55.27704,0.000816,0.477,75.17277013
55.27804,0.000809,0.478,74.47645225
55.27904,0.000816,0.479,75.17277013
55.28004,0.00082,0.48,75.57066606
55.28104,0.000811,0.481,74.67540021
55.28204,0.000805,0.482,74.07855632
55.28304,0.00081,0.483,74.57592623
55.28404,0.000826,0.484,76.16750996
55.28504,0.000841,0.485,77.6596197
55.28604,0.000835,0.486,77.06277581
55.28704,0.000834,0.487,76.96330182
55.28804,0.000833,0.488,76.86382784
55.28904,0.000833,0.489,76.86382784
55.29004,0.000828,0.49,76.36645792
55.29104,0.000825,0.491,76.06803598
55.29204,0.000828,0.492,76.36645792
55.29304,0.000819,0.493,75.47119208
55.29404,0.000809,0.494,74.47645225
55.29504,0.000809,0.495,74.47645225
55.29604,0.000818,0.496,75.37171809
55.29704,0.000835,0.497,77.06277581
55.29804,0.000824,0.498,75.96856199
55.29904,0.000811,0.499,74.67540021
55.30004,0.000815,0.5,75.07329615
55.30104,0.000813,0.501,74.87434818
55.30204,0.000814,0.502,74.97382216
55.30304,0.000819,0.503,75.47119208
55.30404,0.000813,0.504,74.87434818
55.30504,0.000811,0.505,74.67540021
55.30604,0.000845,0.506,78.05751564
55.30704,0.000836,0.507,77.16224979
55.30804,0.000826,0.508,76.16750996
55.30904,0.000817,0.509,75.27224411
55.31004,0.000823,0.51,75.86908801
55.31104,0.000833,0.511,76.86382784
55.31204,0.00083,0.512,76.56540589
55.31304,0.000821,0.513,75.67014004
55.31404,0.000812,0.514,74.7748742
55.31504,0.000811,0.515,74.67540021
55.31604,0.000853,0.516,78.8533075
55.31704,0.000826,0.517,76.16750996
55.31804,0.000872,0.518,80.74331318
55.31904,0.000861,0.519,79.64909936
55.32004,0.000888,0.52,82.3348969
55.32104,0.000851,0.521,78.65435953
55.32204,0.000912,0.522,84.7222725
55.32304,0.000889,0.523,82.43437089
55.32404,0.000833,0.524,76.86382784
55.32504,0.000802,0.525,73.78013437
55.32604,0.000826,0.526,76.16750996
55.32704,0.000831,0.527,76.66487987
55.32804,0.000827,0.528,76.26698394
55.32904,0.000802,0.529,73.78013437
55.33004,0.000819,0.53,75.47119208
55.33104,0.000804,0.531,73.97908233
55.33204,0.000803,0.532,73.87960835
55.33304,0.000815,0.533,75.07329615
55.33404,0.000825,0.534,76.06803598
55.33504,0.000812,0.535,74.7748742
55.33604,0.00081,0.536,74.57592623
55.33704,0.000793,0.537,72.88486852
55.33804,0.000801,0.538,73.68066038
55.33904,0.000795,0.539,73.08381649
55.34004,0.000783,0.54,71.89012869
55.34104,0.000769,0.541,70.49749293
55.34204,0.000775,0.542,71.09433683
55.34304,0.000756,0.543,69.20433115
55.34404,0.000785,0.544,72.08907666
55.34504,0.000794,0.545,72.9843425
55.34604,0.000772,0.546,70.79591488
55.34704,0.000764,0.547,70.00012301
55.34804,0.00077,0.548,70.59696691
55.34904,0.000766,0.549,70.19907098
55.35004,0.000771,0.55,70.69644089
55.35104,0.000757,0.551,69.30380513
55.35204,0.000761,0.552,69.70170106
55.35304,0.000759,0.553,69.5027531
55.35404,0.000759,0.554,69.5027531
55.35504,0.000758,0.555,69.40327911
55.35604,0.00076,0.556,69.60222708
55.35704,0.000761,0.557,69.70170106
55.35804,0.000757,0.558,69.30380513
55.35904,0.000756,0.559,69.20433115
55.36004,0.000756,0.56,69.20433115
55.36104,0.00075,0.561,68.60748725
55.36204,0.000755,0.562,69.10485717
55.36304,0.000754,0.563,69.00538318
55.36404,0.000752,0.564,68.80643522
55.36504,0.000756,0.565,69.20433115
55.36604,0.000763,0.566,69.90064903
55.36704,0.000766,0.567,70.19907098
55.36804,0.000768,0.568,70.39801894
55.36904,0.000769,0.569,70.49749293
55.37004,0.00077,0.57,70.59696691
55.37104,0.000769,0.571,70.49749293
55.37204,0.000764,0.572,70.00012301
55.37304,0.00077,0.573,70.59696691
55.37404,0.000773,0.574,70.89538886
55.37504,0.000769,0.575,70.49749293
55.37604,0.000761,0.576,69.70170106
55.37704,0.000818,0.577,75.37171809
55.37804,0.000835,0.578,77.06277581
55.37904,0.000819,0.579,75.47119208
55.38004,0.000831,0.58,76.66487987
55.38104,0.000828,0.581,76.36645792
55.38204,0.000807,0.582,74.27750428
55.38304,0.00079,0.583,72.58644657
55.38404,0.000787,0.584,72.28802462
55.38504,0.000787,0.585,72.28802462
55.38604,0.000779,0.586,71.49223276
55.38704,0.000768,0.587,70.39801894
55.38804,0.000766,0.588,70.19907098
55.38904,0.000765,0.589,70.099597
55.39004,0.000766,0.59,70.19907098
55.39104,0.000763,0.591,69.90064903
55.39204,0.000754,0.592,69.00538318
55.39304,0.000753,0.593,68.9059092
55.39404,0.000755,0.594,69.10485717
55.39504,0.000749,0.595,68.50801327
55.39604,0.000751,0.596,68.70696123
55.39704,0.000748,0.597,68.40853928
55.39804,0.000745,0.598,68.11011734
55.39904,0.000747,0.599,68.3090653
55.40004,0.000753,0.6,68.9059092
55.40104,0.000754,0.601,69.00538318
55.40204,0.000746,0.602,68.20959132
55.40304,0.000745,0.603,68.11011734
55.40404,0.00074,0.604,67.61274742
55.40504,0.000745,0.605,68.11011734
55.40604,0.000747,0.606,68.3090653
55.40704,0.000747,0.607,68.3090653
55.40804,0.00075,0.608,68.60748725
55.40904,0.000754,0.609,69.00538318
55.41004,0.000747,0.61,68.3090653
55.41104,0.000747,0.611,68.3090653
55.41204,0.000751,0.612,68.70696123
55.41304,0.000753,0.613,68.9059092
55.41404,0.000756,0.614,69.20433115
55.41504,0.00075,0.615,68.60748725
55.41604,0.000751,0.616,68.70696123
55.41704,0.000755,0.617,69.10485717
55.41804,0.000729,0.618,66.51853361
55.41904,0.000761,0.619,69.70170106
55.42004,0.000757,0.62,69.30380513
55.42104,0.000755,0.621,69.10485717
55.42204,0.000756,0.622,69.20433115
55.42304,0.000763,0.623,69.90064903
55.42404,0.000764,0.624,70.00012301
55.42504,0.000753,0.625,68.9059092
55.42604,0.000793,0.626,72.88486852
55.42704,0.000832,0.627,76.76435386
55.42804,0.000805,0.628,74.07855632
55.42904,0.000782,0.629,71.79065471
55.43004,0.000794,0.63,72.9843425
55.43104,0.000802,0.631,73.78013437
55.43204,0.000779,0.632,71.49223276
55.43304,0.000764,0.633,70.00012301
55.43404,0.000774,0.634,70.99486284
55.43504,0.00077,0.635,70.59696691
55.43604,0.000763,0.636,69.90064903
55.43704,0.000753,0.637,68.9059092
55.43804,0.000752,0.638,68.80643522
55.43904,0.000756,0.639,69.20433115
55.44004,0.000774,0.64,70.99486284
55.44104,0.00076,0.641,69.60222708
55.44204,0.00076,0.642,69.60222708
55.44304,0.000756,0.643,69.20433115
55.44404,0.000752,0.644,68.80643522
55.44504,0.000751,0.645,68.70696123
55.44604,0.00075,0.646,68.60748725
55.44704,0.000743,0.647,67.91116937
55.44804,0.000744,0.648,68.01064335
55.44904,0.000741,0.649,67.7122214
55.45004,0.000746,0.65,68.20959132
55.45104,0.000745,0.651,68.11011734
55.45204,0.000748,0.652,68.40853928
55.45304,0.000744,0.653,68.01064335
55.45404,0.000746,0.654,68.20959132
55.45504,0.000742,0.655,67.81169539
55.45604,0.000738,0.656,67.41379945
55.45704,0.000739,0.657,67.51327344
55.45804,0.00074,0.658,67.61274742
55.45904,0.000743,0.659,67.91116937
55.46004,0.000745,0.66,68.11011734
55.46104,0.000743,0.661,67.91116937
55.46204,0.00074,0.662,67.61274742
55.46304,0.000742,0.663,67.81169539
55.46404,0.000744,0.664,68.01064335
55.46504,0.00075,0.665,68.60748725
55.46604,0.000743,0.666,67.91116937
55.46704,0.000743,0.667,67.91116937
55.46804,0.000749,0.668,68.50801327
55.46904,0.000752,0.669,68.80643522
55.47004,0.000755,0.67,69.10485717
55.47104,0.000757,0.671,69.30380513
55.47204,0.000751,0.672,68.70696123
55.47304,0.000748,0.673,68.40853928
55.47404,0.000755,0.674,69.10485717
55.47504,0.000755,0.675,69.10485717
55.47604,0.000755,0.676,69.10485717
55.47704,0.000746,0.677,68.20959132
55.47804,0.000761,0.678,69.70170106
55.47904,0.000764,0.679,70.00012301
55.48004,0.000793,0.68,72.88486852
55.48104,0.000789,0.681,72.48697259
55.48204,0.000778,0.682,71.39275877
55.48304,0.000774,0.683,70.99486284
55.48404,0.000779,0.684,71.49223276
55.48504,0.000775,0.685,71.09433683
55.48604,0.000762,0.686,69.80117505
55.48704,0.000755,0.687,69.10485717
55.48804,0.000755,0.688,69.10485717
55.48904,0.000755,0.689,69.10485717
55.49004,0.000751,0.69,68.70696123
55.49104,0.000754,0.691,69.00538318
55.49204,0.000749,0.692,68.50801327
55.49304,0.000751,0.693,68.70696123
55.49404,0.000749,0.694,68.50801327
55.49504,0.000744,0.695,68.01064335
55.49604,0.000748,0.696,68.40853928
55.49704,0.000746,0.697,68.20959132
55.49804,0.000751,0.698,68.70696123
55.49904,0.000755,0.699,69.10485717
55.50004,0.000755,0.7,69.10485717
55.50104,0.000747,0.701,68.3090653
55.50204,0.000748,0.702,68.40853928
55.50304,0.000746,0.703,68.20959132
55.50404,0.000749,0.704,68.50801327
55.50504,0.000749,0.705,68.50801327
55.50604,0.000749,0.706,68.50801327
55.50704,0.000754,0.707,69.00538318
55.50804,0.000753,0.708,68.9059092
55.50904,0.000751,0.709,68.70696123
55.51004,0.000756,0.71,69.20433115
55.51104,0.000758,0.711,69.40327911
55.51204,0.000756,0.712,69.20433115
55.51304,0.00075,0.713,68.60748725
55.51404,0.000752,0.714,68.80643522
55.51504,0.000759,0.715,69.5027531
55.51604,0.000756,0.716,69.20433115
55.51704,0.000749,0.717,68.50801327
55.51804,0.000748,0.718,68.40853928
55.51904,0.000753,0.719,68.9059092
55.52004,0.000753,0.72,68.9059092
55.52104,0.00075,0.721,68.60748725
55.52204,0.000752,0.722,68.80643522
55.52304,0.000755,0.723,69.10485717
55.52404,0.000758,0.724,69.40327911
55.52504,0.000748,0.725,68.40853928
55.52604,0.000761,0.726,69.70170106
55.52704,0.000757,0.727,69.30380513
55.52804,0.000755,0.728,69.10485717
55.52904,0.000757,0.729,69.30380513
55.53004,0.00076,0.73,69.60222708
55.53104,0.000759,0.731,69.5027531
55.53204,0.000757,0.732,69.30380513
55.53304,0.00076,0.733,69.60222708
55.53404,0.000766,0.734,70.19907098
55.53504,0.000765,0.735,70.099597
55.53604,0.000764,0.736,70.00012301
55.53704,0.000761,0.737,69.70170106
55.53804,0.000761,0.738,69.70170106
55.53904,0.00076,0.739,69.60222708
55.54004,0.000755,0.74,69.10485717
55.54104,0.000756,0.741,69.20433115
55.54204,0.000757,0.742,69.30380513
55.54304,0.000761,0.743,69.70170106
55.54404,0.000754,0.744,69.00538318
55.54504,0.000757,0.745,69.30380513
55.54604,0.000764,0.746,70.00012301
55.54704,0.000771,0.747,70.69644089
55.54804,0.000768,0.748,70.39801894
55.54904,0.000757,0.749,69.30380513
55.55004,0.000747,0.75,68.3090653
55.55104,0.000754,0.751,69.00538318
55.55204,0.000761,0.752,69.70170106
55.55304,0.000755,0.753,69.10485717
55.55404,0.000756,0.754,69.20433115
55.55504,0.00076,0.755,69.60222708
55.55604,0.000759,0.756,69.5027531
55.55704,0.000757,0.757,69.30380513
55.55804,0.000748,0.758,68.40853928
55.55904,0.00075,0.759,68.60748725
55.56004,0.000755,0.76,69.10485717
55.56104,0.000755,0.761,69.10485717
55.56204,0.000758,0.762,69.40327911
55.56304,0.000759,0.763,69.5027531
55.56404,0.000765,0.764,70.099597
55.56504,0.000737,0.765,67.31432547
55.56604,0.000851,0.766,78.65435953
55.56704,0.000896,0.767,83.13068877
55.56804,0.000791,0.768,72.68592055
55.56904,0.00072,0.769,65.62326776
55.57004,0.000773,0.77,70.89538886
55.57104,0.000821,0.771,75.67014004
55.57204,0.000778,0.772,71.39275877
55.57304,0.000723,0.773,65.92168971
55.57404,0.000745,0.774,68.11011734
55.57504,0.000773,0.775,70.89538886
55.57604,0.00075,0.776,68.60748725
55.57704,0.000721,0.777,65.72274174
55.57804,0.000726,0.778,66.22011166
55.57904,0.00075,0.779,68.60748725
55.58004,0.000738,0.78,67.41379945
55.58104,0.000722,0.781,65.82221573
55.58204,0.000724,0.782,66.02116369
55.58304,0.000736,0.783,67.21485149
55.58404,0.000733,0.784,66.91642954
55.58504,0.000724,0.785,66.02116369
55.58604,0.000727,0.786,66.31958564
55.58704,0.00073,0.787,66.61800759
55.58804,0.000733,0.788,66.91642954
55.58904,0.000732,0.789,66.81695556
55.59004,0.000726,0.79,66.22011166
55.59104,0.000728,0.791,66.41905962
55.59204,0.000741,0.792,67.7122214
55.59304,0.000742,0.793,67.81169539
55.59404,0.000737,0.794,67.31432547
55.59504,0.000737,0.795,67.31432547
55.59604,0.00074,0.796,67.61274742
55.59704,0.000743,0.797,67.91116937
55.59804,0.000739,0.798,67.51327344
55.59904,0.00074,0.799,67.61274742
55.60004,0.000743,0.8,67.91116937
55.60104,0.000735,0.801,67.11537751
55.60204,0.00073,0.802,66.61800759
55.60304,0.000733,0.803,66.91642954
55.60404,0.00074,0.804,67.61274742
55.60504,0.000739,0.805,67.51327344
55.60604,0.000738,0.806,67.41379945
55.60704,0.00074,0.807,67.61274742
55.60804,0.000741,0.808,67.7122214
55.60904,0.000739,0.809,67.51327344
55.61004,0.000737,0.81,67.31432547
55.61104,0.000741,0.811,67.7122214
55.61204,0.000743,0.812,67.91116937
55.61304,0.000741,0.813,67.7122214
55.61404,0.000747,0.814,68.3090653
55.61504,0.000746,0.815,68.20959132
55.61604,0.000745,0.816,68.11011734
55.61704,0.000749,0.817,68.50801327
55.61804,0.000753,0.818,68.9059092
55.61904,0.000755,0.819,69.10485717
55.62004,0.000752,0.82,68.80643522
55.62104,0.000751,0.821,68.70696123
55.62204,0.000753,0.822,68.9059092
55.62304,0.000748,0.823,68.40853928
55.62404,0.000749,0.824,68.50801327
55.62504,0.000753,0.825,68.9059092
55.62604,0.000754,0.826,69.00538318
55.62704,0.000754,0.827,69.00538318
55.62804,0.000752,0.828,68.80643522
55.62904,0.000755,0.829,69.10485717
55.63004,0.000753,0.83,68.9059092
55.63104,0.000758,0.831,69.40327911
55.63204,0.000758,0.832,69.40327911
55.63304,0.000761,0.833,69.70170106
55.63404,0.000754,0.834,69.00538318
55.63504,0.000751,0.835,68.70696123
55.63604,0.000758,0.836,69.40327911
55.63704,0.00076,0.837,69.60222708
55.63804,0.00076,0.838,69.60222708
55.63904,0.00076,0.839,69.60222708
55.64004,0.000755,0.84,69.10485717
55.64104,0.000757,0.841,69.30380513
55.64204,0.000749,0.842,68.50801327
55.64304,0.000757,0.843,69.30380513
55.64404,0.000761,0.844,69.70170106
55.64504,0.00076,0.845,69.60222708
55.64604,0.000763,0.846,69.90064903
55.64704,0.00076,0.847,69.60222708
55.64804,0.000753,0.848,68.9059092
55.64904,0.000752,0.849,68.80643522
55.65004,0.000751,0.85,68.70696123
55.65104,0.000754,0.851,69.00538318
55.65204,0.000755,0.852,69.10485717
55.65304,0.00075,0.853,68.60748725
55.65404,0.000753,0.854,68.9059092
55.65504,0.000749,0.855,68.50801327
55.65604,0.000746,0.856,68.20959132
55.65704,0.000745,0.857,68.11011734
55.65804,0.000748,0.858,68.40853928
55.65904,0.000748,0.859,68.40853928
55.66004,0.000749,0.86,68.50801327
55.66104,0.000749,0.861,68.50801327
55.66204,0.000744,0.862,68.01064335
55.66304,0.000746,0.863,68.20959132
55.66404,0.00074,0.864,67.61274742
55.66504,0.000745,0.865,68.11011734
55.66604,0.000749,0.866,68.50801327
55.66704,0.000748,0.867,68.40853928
55.66804,0.000756,0.868,69.20433115
55.66904,0.00075,0.869,68.60748725
55.67004,0.000753,0.87,68.9059092
55.67104,0.000753,0.871,68.9059092
55.67204,0.000749,0.872,68.50801327
55.67304,0.000749,0.873,68.50801327
55.67404,0.00076,0.874,69.60222708
55.67504,0.000755,0.875,69.10485717
55.67604,0.000752,0.876,68.80643522
55.67704,0.000755,0.877,69.10485717
55.67804,0.000754,0.878,69.00538318
55.67904,0.000748,0.879,68.40853928
55.68004,0.000752,0.88,68.80643522
55.68104,0.000752,0.881,68.80643522
55.68204,0.000754,0.882,69.00538318
55.68304,0.00075,0.883,68.60748725
55.68404,0.00075,0.884,68.60748725
55.68504,0.000751,0.885,68.70696123
55.68604,0.00075,0.886,68.60748725
55.68704,0.000745,0.887,68.11011734
55.68804,0.000743,0.888,67.91116937
55.68904,0.000747,0.889,68.3090653
55.69004,0.000749,0.89,68.50801327
55.69104,0.00075,0.891,68.60748725
55.69204,0.000746,0.892,68.20959132
55.69304,0.000747,0.893,68.3090653
55.69404,0.000745,0.894,68.11011734
55.69504,0.000756,0.895,69.20433115
55.69604,0.000748,0.896,68.40853928
55.69704,0.000745,0.897,68.11011734
55.69804,0.000749,0.898,68.50801327
55.69904,0.000754,0.899,69.00538318
55.70004,0.00077,0.9,70.59696691
55.70104,0.000768,0.901,70.39801894
55.70204,0.000754,0.902,69.00538318
55.70304,0.000754,0.903,69.00538318
55.70404,0.000761,0.904,69.70170106
55.70504,0.000765,0.905,70.099597
55.70604,0.000756,0.906,69.20433115
55.70704,0.000748,0.907,68.40853928
55.70804,0.000749,0.908,68.50801327
55.70904,0.000757,0.909,69.30380513
55.71004,0.000753,0.91,68.9059092
55.71104,0.000747,0.911,68.3090653
55.71204,0.00075,0.912,68.60748725
55.71304,0.000752,0.913,68.80643522
55.71404,0.000752,0.914,68.80643522
55.71504,0.000752,0.915,68.80643522
55.71604,0.00075,0.916,68.60748725
55.71704,0.000751,0.917,68.70696123
55.71804,0.000758,0.918,69.40327911
55.71904,0.00075,0.919,68.60748725
55.72004,0.00075,0.92,68.60748725
55.72104,0.00076,0.921,69.60222708
55.72204,0.000755,0.922,69.10485717
55.72304,0.000752,0.923,68.80643522
55.72404,0.000755,0.924,69.10485717
55.72504,0.000754,0.925,69.00538318
55.72604,0.000754,0.926,69.00538318
55.72704,0.000753,0.927,68.9059092
55.72804,0.000747,0.928,68.3090653
55.72904,0.000748,0.929,68.40853928
55.73004,0.000747,0.93,68.3090653
55.73104,0.000751,0.931,68.70696123
55.73204,0.00075,0.932,68.60748725
55.73304,0.000754,0.933,69.00538318
55.73404,0.000749,0.934,68.50801327
55.73504,0.000751,0.935,68.70696123
55.73604,0.000753,0.936,68.9059092
55.73704,0.000745,0.937,68.11011734
55.73804,0.000745,0.938,68.11011734
55.73904,0.000748,0.939,68.40853928
55.74004,0.000752,0.94,68.80643522
55.74104,0.000756,0.941,69.20433115
55.74204,0.000749,0.942,68.50801327
55.74304,0.000748,0.943,68.40853928
55.74404,0.000747,0.944,68.3090653
55.74504,0.000754,0.945,69.00538318
55.74604,0.000748,0.946,68.40853928
55.74704,0.000747,0.947,68.3090653
55.74804,0.000752,0.948,68.80643522
55.74904,0.000754,0.949,69.00538318
55.75004,0.00075,0.95,68.60748725
55.75104,0.000746,0.951,68.20959132
55.75204,0.000749,0.952,68.50801327
55.75304,0.000751,0.953,68.70696123
55.75404,0.000753,0.954,68.9059092
55.75504,0.000749,0.955,68.50801327
55.75604,0.000752,0.956,68.80643522
55.75704,0.000753,0.957,68.9059092
55.75804,0.000764,0.958,70.00012301
55.75904,0.000755,0.959,69.10485717
55.76004,0.000794,0.96,72.9843425
55.76104,0.000842,0.961,77.75909369
55.76204,0.000809,0.962,74.47645225
55.76304,0.000761,0.963,69.70170106
55.76404,0.000771,0.964,70.69644089
55.76504,0.0008,0.965,73.5811864
55.76604,0.000792,0.966,72.78539454
55.76704,0.000751,0.967,68.70696123
55.76804,0.000751,0.968,68.70696123
55.76904,0.000773,0.969,70.89538886
55.77004,0.000765,0.97,70.099597
55.77104,0.000746,0.971,68.20959132
55.77204,0.000744,0.972,68.01064335
55.77304,0.000762,0.973,69.80117505
55.77404,0.000758,0.974,69.40327911
55.77504,0.000738,0.975,67.41379945
55.77604,0.000728,0.976,66.41905962
55.77704,0.000754,0.977,69.00538318
55.77804,0.000751,0.978,68.70696123
55.77904,0.000744,0.979,68.01064335
55.78004,0.000732,0.98,66.81695556
55.78104,0.000743,0.981,67.91116937
55.78204,0.000747,0.982,68.3090653
55.78304,0.000745,0.983,68.11011734
55.78404,0.000739,0.984,67.51327344
55.78504,0.000746,0.985,68.20959132
55.78604,0.000741,0.986,67.7122214
55.78704,0.000746,0.987,68.20959132
55.78804,0.00074,0.988,67.61274742
55.78904,0.00074,0.989,67.61274742
55.79004,0.000736,0.99,67.21485149
55.79104,0.000747,0.991,68.3090653
55.79204,0.000756,0.992,69.20433115
55.79304,0.000748,0.993,68.40853928
55.79404,0.000741,0.994,67.7122214
55.79504,0.000748,0.995,68.40853928
55.79604,0.000758,0.996,69.40327911
55.79704,0.000748,0.997,68.40853928
55.79804,0.000747,0.998,68.3090653
55.79904,0.000751,0.999,68.70696123
55.80004,0.000751,1,68.70696123
55.80104,0.00074,1.001,67.61274742
55.80204,0.000743,1.002,67.91116937
55.80304,0.000749,1.003,68.50801327
55.80404,0.000749,1.004,68.50801327
55.80504,0.000748,1.005,68.40853928
55.80604,0.000747,1.006,68.3090653
55.80704,0.000754,1.007,69.00538318
55.80804,0.000751,1.008,68.70696123
55.80904,0.000746,1.009,68.20959132
55.81004,0.000747,1.01,68.3090653
55.81104,0.000751,1.011,68.70696123
55.81204,0.000754,1.012,69.00538318
55.81304,0.000753,1.013,68.9059092
55.81404,0.000753,1.014,68.9059092
55.81504,0.000757,1.015,69.30380513
55.81604,0.000754,1.016,69.00538318
55.81704,0.000743,1.017,67.91116937
55.81804,0.000749,1.018,68.50801327
55.81904,0.000749,1.019,68.50801327
55.82004,0.000748,1.02,68.40853928
55.82104,0.000747,1.021,68.3090653
55.82204,0.00075,1.022,68.60748725
55.82304,0.000753,1.023,68.9059092
55.82404,0.000749,1.024,68.50801327
55.82504,0.000745,1.025,68.11011734
55.82604,0.000746,1.026,68.20959132
55.82704,0.000751,1.027,68.70696123
55.82804,0.000749,1.028,68.50801327
55.82904,0.000748,1.029,68.40853928
55.83004,0.000742,1.03,67.81169539
55.83104,0.000747,1.031,68.3090653
55.83204,0.000749,1.032,68.50801327
55.83304,0.000749,1.033,68.50801327
55.83404,0.000747,1.034,68.3090653
55.83504,0.000743,1.035,67.91116937
55.83604,0.000743,1.036,67.91116937
55.83704,0.000743,1.037,67.91116937
55.83804,0.000752,1.038,68.80643522
55.83904,0.000757,1.039,69.30380513
55.84004,0.000751,1.04,68.70696123
55.84104,0.000746,1.041,68.20959132
55.84204,0.000744,1.042,68.01064335
55.84304,0.00075,1.043,68.60748725
55.84404,0.000754,1.044,69.00538318
55.84504,0.000748,1.045,68.40853928
55.84604,0.000742,1.046,67.81169539
55.84704,0.000745,1.047,68.11011734
55.84804,0.000748,1.048,68.40853928
55.84904,0.000752,1.049,68.80643522
55.85004,0.000745,1.05,68.11011734
55.85104,0.000749,1.051,68.50801327
55.85204,0.00075,1.052,68.60748725
55.85304,0.000754,1.053,69.00538318
55.85404,0.000747,1.054,68.3090653
55.85504,0.000742,1.055,67.81169539
55.85604,0.000745,1.056,68.11011734
55.85704,0.000754,1.057,69.00538318
55.85804,0.000747,1.058,68.3090653
55.85904,0.00074,1.059,67.61274742
55.86004,0.000746,1.06,68.20959132
55.86104,0.000746,1.061,68.20959132
55.86204,0.000752,1.062,68.80643522
55.86304,0.000741,1.063,67.7122214
55.86404,0.000743,1.064,67.91116937
55.86504,0.000737,1.065,67.31432547
55.86604,0.000743,1.066,67.91116937
55.86704,0.000745,1.067,68.11011734
55.86804,0.000737,1.068,67.31432547
55.86904,0.000735,1.069,67.11537751
55.87004,0.000739,1.07,67.51327344
55.87104,0.000745,1.071,68.11011734
55.87204,0.000747,1.072,68.3090653
55.87304,0.000743,1.073,67.91116937
55.87404,0.000746,1.074,68.20959132
55.87504,0.000752,1.075,68.80643522
55.87604,0.000751,1.076,68.70696123
55.87704,0.000745,1.077,68.11011734
55.87804,0.000739,1.078,67.51327344
55.87904,0.000744,1.079,68.01064335
55.88004,0.000741,1.08,67.7122214
55.88104,0.000739,1.081,67.51327344
55.88204,0.000748,1.082,68.40853928
55.88304,0.000753,1.083,68.9059092
55.88404,0.000748,1.084,68.40853928
55.88504,0.000742,1.085,67.81169539
55.88604,0.000741,1.086,67.7122214
55.88704,0.000742,1.087,67.81169539
55.88804,0.00074,1.088,67.61274742
55.88904,0.000736,1.089,67.21485149
55.89004,0.00074,1.09,67.61274742
55.89104,0.00074,1.091,67.61274742
55.89204,0.000749,1.092,68.50801327
55.89304,0.000751,1.093,68.70696123
55.89404,0.000747,1.094,68.3090653
55.89504,0.000744,1.095,68.01064335
55.89604,0.000739,1.096,67.51327344
55.89704,0.00074,1.097,67.61274742
55.89804,0.000741,1.098,67.7122214
55.89904,0.000738,1.099,67.41379945
55.90004,0.000739,1.1,67.51327344
55.90104,0.000748,1.101,68.40853928
55.90204,0.000748,1.102,68.40853928
55.90304,0.000741,1.103,67.7122214
55.90404,0.000744,1.104,68.01064335
55.90504,0.000747,1.105,68.3090653
55.90604,0.000748,1.106,68.40853928
55.90704,0.000745,1.107,68.11011734
55.90804,0.000746,1.108,68.20959132
55.90904,0.00075,1.109,68.60748725
55.91004,0.000741,1.11,67.7122214
55.91104,0.000741,1.111,67.7122214
55.91204,0.00075,1.112,68.60748725
55.91304,0.000748,1.113,68.40853928
55.91404,0.000741,1.114,67.7122214
55.91504,0.000736,1.115,67.21485149
55.91604,0.000743,1.116,67.91116937
55.91704,0.000747,1.117,68.3090653
55.91804,0.000743,1.118,67.91116937
55.91904,0.000739,1.119,67.51327344
55.92004,0.000737,1.12,67.31432547
55.92104,0.000744,1.121,68.01064335
55.92204,0.000741,1.122,67.7122214
55.92304,0.000743,1.123,67.91116937
55.92404,0.000743,1.124,67.91116937
55.92504,0.000736,1.125,67.21485149
55.92604,0.000738,1.126,67.41379945
55.92704,0.000743,1.127,67.91116937
55.92804,0.000742,1.128,67.81169539
55.92904,0.000751,1.129,68.70696123
55.93004,0.000754,1.13,69.00538318
55.93104,0.00075,1.131,68.60748725
55.93204,0.000742,1.132,67.81169539
55.93304,0.000749,1.133,68.50801327
55.93404,0.000749,1.134,68.50801327
55.93504,0.000746,1.135,68.20959132
55.93604,0.000747,1.136,68.3090653
55.93704,0.000738,1.137,67.41379945
55.93804,0.000736,1.138,67.21485149
55.93904,0.000743,1.139,67.91116937
55.94004,0.000743,1.14,67.91116937
55.94104,0.000751,1.141,68.70696123
55.94204,0.000748,1.142,68.40853928
55.94304,0.000749,1.143,68.50801327
55.94404,0.000739,1.144,67.51327344
55.94504,0.000741,1.145,67.7122214
55.94604,0.000748,1.146,68.40853928
55.94704,0.000739,1.147,67.51327344
55.94804,0.000737,1.148,67.31432547
55.94904,0.000736,1.149,67.21485149
55.95004,0.000741,1.15,67.7122214
55.95104,0.00074,1.151,67.61274742
55.95204,0.000737,1.152,67.31432547
55.95304,0.000736,1.153,67.21485149
55.95404,0.000734,1.154,67.01590352
55.95504,0.000728,1.155,66.41905962
55.95604,0.000729,1.156,66.51853361
55.95704,0.000729,1.157,66.51853361
55.95804,0.000737,1.158,67.31432547
55.95904,0.000728,1.159,66.41905962
55.96004,0.000726,1.16,66.22011166
55.96104,0.000729,1.161,66.51853361
55.96204,0.000731,1.162,66.71748157
55.96304,0.000728,1.163,66.41905962
55.96404,0.000732,1.164,66.81695556
55.96504,0.000732,1.165,66.81695556
55.96604,0.000731,1.166,66.71748157
55.96704,0.000726,1.167,66.22011166
55.96804,0.000728,1.168,66.41905962
55.96904,0.000737,1.169,67.31432547
55.97004,0.000736,1.17,67.21485149
55.97104,0.000735,1.171,67.11537751
55.97204,0.000735,1.172,67.11537751
55.97304,0.000743,1.173,67.91116937
55.97404,0.000735,1.174,67.11537751
55.97504,0.000748,1.175,68.40853928
55.97604,0.000755,1.176,69.10485717
55.97704,0.000751,1.177,68.70696123
55.97804,0.000741,1.178,67.7122214
55.97904,0.000743,1.179,67.91116937
55.98004,0.000743,1.18,67.91116937
55.98104,0.000749,1.181,68.50801327
55.98204,0.000745,1.182,68.11011734
55.98304,0.000738,1.183,67.41379945
55.98404,0.000734,1.184,67.01590352
55.98504,0.000731,1.185,66.71748157
55.98604,0.000728,1.186,66.41905962
55.98704,0.00073,1.187,66.61800759
55.98804,0.000725,1.188,66.12063768
55.98904,0.000724,1.189,66.02116369
55.99004,0.000726,1.19,66.22011166
55.99104,0.000728,1.191,66.41905962
55.99204,0.000721,1.192,65.72274174
55.99304,0.000713,1.193,64.92694988
55.99404,0.000713,1.194,64.92694988
55.99504,0.000715,1.195,65.12589785
55.99604,0.00072,1.196,65.62326776
55.99704,0.000722,1.197,65.82221573
55.99804,0.00072,1.198,65.62326776
55.99904,0.000721,1.199,65.72274174
56.00004,0.000721,1.2,65.72274174
56.00104,0.000724,1.201,66.02116369
56.00204,0.000725,1.202,66.12063768
56.00304,0.000725,1.203,66.12063768
56.00404,0.00073,1.204,66.61800759
56.00504,0.000733,1.205,66.91642954
56.00604,0.000729,1.206,66.51853361
56.00704,0.000721,1.207,65.72274174
56.00804,0.000721,1.208,65.72274174
56.00904,0.000731,1.209,66.71748157
56.01004,0.000733,1.21,66.91642954
56.01104,0.000729,1.211,66.51853361
56.01204,0.000724,1.212,66.02116369
56.01304,0.000722,1.213,65.82221573
56.01404,0.000727,1.214,66.31958564
56.01504,0.000729,1.215,66.51853361
56.01604,0.000737,1.216,67.31432547
56.01704,0.000738,1.217,67.41379945
56.01804,0.000727,1.218,66.31958564
56.01904,0.000723,1.219,65.92168971
56.02004,0.000725,1.22,66.12063768
56.02104,0.000724,1.221,66.02116369
56.02204,0.000724,1.222,66.02116369
56.02304,0.000727,1.223,66.31958564
56.02404,0.00073,1.224,66.61800759
56.02504,0.000729,1.225,66.51853361
56.02604,0.000728,1.226,66.41905962
56.02704,0.000729,1.227,66.51853361
56.02804,0.000728,1.228,66.41905962
56.02904,0.000735,1.229,67.11537751
56.03004,0.000736,1.23,67.21485149
56.03104,0.000734,1.231,67.01590352
56.03204,0.000723,1.232,65.92168971
56.03304,0.000719,1.233,65.52379378
56.03404,0.00073,1.234,66.61800759
56.03504,0.000725,1.235,66.12063768
56.03604,0.000727,1.236,66.31958564
56.03704,0.000724,1.237,66.02116369
56.03804,0.000724,1.238,66.02116369
56.03904,0.000725,1.239,66.12063768
56.04004,0.000726,1.24,66.22011166
56.04104,0.000729,1.241,66.51853361
56.04204,0.000728,1.242,66.41905962
56.04304,0.000725,1.243,66.12063768
56.04404,0.000728,1.244,66.41905962
56.04504,0.000721,1.245,65.72274174
56.04604,0.000723,1.246,65.92168971
56.04704,0.000724,1.247,66.02116369
56.04804,0.000722,1.248,65.82221573
56.04904,0.000724,1.249,66.02116369
56.05004,0.00072,1.25,65.62326776
56.05104,0.000719,1.251,65.52379378
56.05204,0.000723,1.252,65.92168971
56.05304,0.000718,1.253,65.42431979
56.05404,0.000718,1.254,65.42431979
56.05504,0.000714,1.255,65.02642386
56.05604,0.000709,1.256,64.52905395
56.05704,0.000719,1.257,65.52379378
56.05804,0.000725,1.258,66.12063768
56.05904,0.000725,1.259,66.12063768
56.06004,0.000716,1.26,65.22537183
56.06104,0.000723,1.261,65.92168971
56.06204,0.000718,1.262,65.42431979
56.06304,0.000715,1.263,65.12589785
56.06404,0.000713,1.264,64.92694988
56.06504,0.000715,1.265,65.12589785
56.06604,0.000716,1.266,65.22537183
56.06704,0.000716,1.267,65.22537183
56.06804,0.000721,1.268,65.72274174
56.06904,0.000718,1.269,65.42431979
56.07004,0.000713,1.27,64.92694988
56.07104,0.000712,1.271,64.8274759
56.07204,0.000714,1.272,65.02642386
56.07304,0.00071,1.273,64.62852793
56.07404,0.000709,1.274,64.52905395
56.07504,0.000708,1.275,64.42957996
56.07604,0.000712,1.276,64.8274759
56.07704,0.000712,1.277,64.8274759
56.07804,0.000709,1.278,64.52905395
56.07904,0.000711,1.279,64.72800191
56.08004,0.000712,1.28,64.8274759
56.08104,0.000709,1.281,64.52905395
56.08204,0.000711,1.282,64.72800191
56.08304,0.000709,1.283,64.52905395
56.08404,0.000713,1.284,64.92694988
56.08504,0.000711,1.285,64.72800191
56.08604,0.000713,1.286,64.92694988
56.08704,0.000718,1.287,65.42431979
56.08804,0.000714,1.288,65.02642386
56.08904,0.000713,1.289,64.92694988
56.09004,0.000717,1.29,65.32484581
56.09104,0.000712,1.291,64.8274759
56.09204,0.000712,1.292,64.8274759
56.09304,0.000712,1.293,64.8274759
56.09404,0.000716,1.294,65.22537183
56.09504,0.000711,1.295,64.72800191
56.09604,0.000721,1.296,65.72274174
56.09704,0.000719,1.297,65.52379378
56.09804,0.000717,1.298,65.32484581
56.09904,0.00072,1.299,65.62326776
56.10004,0.000723,1.3,65.92168971
56.10104,0.000727,1.301,66.31958564
56.10204,0.000725,1.302,66.12063768
56.10304,0.000725,1.303,66.12063768
56.10404,0.000727,1.304,66.31958564
56.10504,0.000721,1.305,65.72274174
56.10604,0.000722,1.306,65.82221573
56.10704,0.000717,1.307,65.32484581
56.10804,0.000718,1.308,65.42431979
56.10904,0.000723,1.309,65.92168971
56.11004,0.000725,1.31,66.12063768
56.11104,0.00072,1.311,65.62326776
56.11204,0.000706,1.312,64.230632
56.11304,0.00071,1.313,64.62852793
56.11404,0.000719,1.314,65.52379378
56.11504,0.000715,1.315,65.12589785
56.11604,0.000713,1.316,64.92694988
56.11704,0.000716,1.317,65.22537183
56.11804,0.000712,1.318,64.8274759
56.11904,0.000706,1.319,64.230632
56.12004,0.000704,1.32,64.03168403
56.12104,0.000711,1.321,64.72800191
56.12204,0.000708,1.322,64.42957996
56.12304,0.000709,1.323,64.52905395
56.12404,0.00071,1.324,64.62852793
56.12504,0.000705,1.325,64.13115802
56.12604,0.000705,1.326,64.13115802
56.12704,0.000699,1.327,63.53431412
56.12804,0.000702,1.328,63.83273607
56.12904,0.000704,1.329,64.03168403
56.13004,0.000698,1.33,63.43484013
56.13104,0.000704,1.331,64.03168403
56.13204,0.000699,1.332,63.53431412
56.13304,0.0007,1.333,63.6337881
56.13404,0.000701,1.334,63.73326208
56.13504,0.000695,1.335,63.13641819
56.13604,0.000696,1.336,63.23589217
56.13704,0.000693,1.337,62.93747022
56.13804,0.000698,1.338,63.43484013
56.13904,0.000704,1.339,64.03168403
56.14004,0.000699,1.34,63.53431412
56.14104,0.000694,1.341,63.0369442
56.14204,0.000698,1.342,63.43484013
56.14304,0.000698,1.343,63.43484013
56.14404,0.000698,1.344,63.43484013
56.14504,0.000702,1.345,63.83273607
56.14604,0.00071,1.346,64.62852793
56.14704,0.000705,1.347,64.13115802
56.14804,0.0007,1.348,63.6337881
56.14904,0.000702,1.349,63.83273607
56.15004,0.000704,1.35,64.03168403
56.15104,0.000705,1.351,64.13115802
56.15204,0.0007,1.352,63.6337881
56.15304,0.000701,1.353,63.73326208
56.15404,0.000703,1.354,63.93221005
56.15504,0.000703,1.355,63.93221005
56.15604,0.000697,1.356,63.33536615
56.15704,0.000685,1.357,62.14167836
56.15804,0.00069,1.358,62.63904827
56.15904,0.000699,1.359,63.53431412
56.16004,0.000697,1.36,63.33536615
56.16104,0.000699,1.361,63.53431412
56.16204,0.000697,1.362,63.33536615
56.16304,0.000692,1.363,62.83799624
56.16404,0.000685,1.364,62.14167836
56.16504,0.000694,1.365,63.0369442
56.16604,0.000696,1.366,63.23589217
56.16704,0.000685,1.367,62.14167836
56.16804,0.000687,1.368,62.34062632
56.16904,0.000692,1.369,62.83799624
56.17004,0.000696,1.37,63.23589217
56.17104,0.000689,1.371,62.53957429
56.17204,0.000691,1.372,62.73852225
56.17304,0.000692,1.373,62.83799624
56.17404,0.000689,1.374,62.53957429
56.17504,0.000684,1.375,62.04220437
56.17604,0.000683,1.376,61.94273039
56.17704,0.000687,1.377,62.34062632
56.17804,0.000685,1.378,62.14167836
56.17904,0.00068,1.379,61.64430844
56.18004,0.000682,1.38,61.84325641
56.18104,0.000687,1.381,62.34062632
56.18204,0.000686,1.382,62.24115234
56.18304,0.000679,1.383,61.54483446
56.18404,0.000679,1.384,61.54483446
56.18504,0.000681,1.385,61.74378242
56.18604,0.000679,1.386,61.54483446
56.18704,0.000676,1.387,61.24641251
56.18804,0.000678,1.388,61.44536047
56.18904,0.000679,1.389,61.54483446
56.19004,0.000676,1.39,61.24641251
56.19104,0.000673,1.391,60.94799056
56.19204,0.000677,1.392,61.34588649
56.19304,0.000673,1.393,60.94799056
56.19404,0.000676,1.394,61.24641251
56.19504,0.000671,1.395,60.74904259
56.19604,0.000677,1.396,61.34588649
56.19704,0.000674,1.397,61.04746454
56.19804,0.000669,1.398,60.55009463
56.19904,0.000673,1.399,60.94799056
56.20004,0.000675,1.4,61.14693853
56.20104,0.000678,1.401,61.44536047
56.20204,0.000677,1.402,61.34588649
56.20304,0.000676,1.403,61.24641251
56.20404,0.000679,1.404,61.54483446
56.20504,0.000675,1.405,61.14693853
56.20604,0.000679,1.406,61.54483446
56.20704,0.000668,1.407,60.45062064
56.20804,0.000675,1.408,61.14693853
56.20904,0.000675,1.409,61.14693853
56.21004,0.000671,1.41,60.74904259
56.21104,0.000674,1.411,61.04746454
56.21204,0.000675,1.412,61.14693853
56.21304,0.000675,1.413,61.14693853
56.21404,0.000676,1.414,61.24641251
56.21504,0.000674,1.415,61.04746454
56.21604,0.000678,1.416,61.44536047
56.21704,0.000677,1.417,61.34588649
56.21804,0.000675,1.418,61.14693853
56.21904,0.000672,1.419,60.84851658
56.22004,0.000671,1.42,60.74904259
56.22104,0.000675,1.421,61.14693853
56.22204,0.000668,1.422,60.45062064
56.22304,0.000675,1.423,61.14693853
56.22404,0.000676,1.424,61.24641251
56.22504,0.000672,1.425,60.84851658
56.22604,0.000675,1.426,61.14693853
56.22704,0.000674,1.427,61.04746454
56.22804,0.000672,1.428,60.84851658
56.22904,0.000669,1.429,60.55009463
56.23004,0.000666,1.43,60.25167268
56.23104,0.000678,1.431,61.44536047
56.23204,0.000669,1.432,60.55009463
56.23304,0.000666,1.433,60.25167268
56.23404,0.000669,1.434,60.55009463
56.23504,0.000666,1.435,60.25167268
56.23604,0.000672,1.436,60.84851658
56.23704,0.000672,1.437,60.84851658
56.23804,0.000673,1.438,60.94799056
56.23904,0.000675,1.439,61.14693853
56.24004,0.000671,1.44,60.74904259
56.24104,0.000671,1.441,60.74904259
56.24204,0.000667,1.442,60.35114666
56.24304,0.000671,1.443,60.74904259
56.24404,0.000674,1.444,61.04746454
56.24504,0.000663,1.445,59.95325073
56.24604,0.000667,1.446,60.35114666
56.24704,0.000669,1.447,60.55009463
56.24804,0.000665,1.448,60.1521987
56.24904,0.000664,1.449,60.05272471
56.25004,0.000664,1.45,60.05272471
56.25104,0.00067,1.451,60.64956861
56.25204,0.000669,1.452,60.55009463
56.25304,0.000668,1.453,60.45062064
56.25404,0.00066,1.454,59.65482878
56.25504,0.000659,1.455,59.5553548
56.25604,0.000662,1.456,59.85377675
56.25704,0.000666,1.457,60.25167268
56.25804,0.000664,1.458,60.05272471
56.25904,0.000666,1.459,60.25167268
56.26004,0.000661,1.46,59.75430276
56.26104,0.000657,1.461,59.35640683
56.26204,0.000658,1.462,59.45588081
56.26304,0.000662,1.463,59.85377675
56.26404,0.00066,1.464,59.65482878
56.26504,0.000659,1.465,59.5553548
56.26604,0.000654,1.466,59.05798488
56.26704,0.000659,1.467,59.5553548
56.26804,0.000664,1.468,60.05272471
56.26904,0.00066,1.469,59.65482878
56.27004,0.000658,1.47,59.45588081
56.27104,0.000656,1.471,59.25693285
56.27204,0.000659,1.472,59.5553548
56.27304,0.000654,1.473,59.05798488
56.27404,0.000651,1.474,58.75956293
56.27504,0.000657,1.475,59.35640683
56.27604,0.000655,1.476,59.15745887
56.27704,0.000652,1.477,58.85903692
56.27804,0.00065,1.478,58.66008895
56.27904,0.000651,1.479,58.75956293
56.28004,0.00065,1.48,58.66008895
56.28104,0.000645,1.481,58.16271904
56.28204,0.000646,1.482,58.26219302
56.28304,0.000648,1.483,58.46114098
56.28404,0.000645,1.484,58.16271904
56.28504,0.000645,1.485,58.16271904
56.28604,0.000646,1.486,58.26219302
56.28704,0.000642,1.487,57.86429709
56.28804,0.00064,1.488,57.66534912
56.28904,0.000645,1.489,58.16271904
56.29004,0.000645,1.49,58.16271904
56.29104,0.000642,1.491,57.86429709
56.29204,0.000642,1.492,57.86429709
56.29304,0.00064,1.493,57.66534912
56.29404,0.000643,1.494,57.96377107
56.29504,0.00064,1.495,57.66534912
56.29604,0.000635,1.496,57.16797921
56.29704,0.000638,1.497,57.46640115
56.29804,0.000644,1.498,58.06324505
56.29904,0.000642,1.499,57.86429709
56.30004,0.000644,1.5,58.06324505
56.30104,0.000636,1.501,57.26745319
56.30204,0.000636,1.502,57.26745319
56.30304,0.00064,1.503,57.66534912
56.30404,0.000645,1.504,58.16271904
56.30504,0.000642,1.505,57.86429709
56.30604,0.000636,1.506,57.26745319
56.30704,0.00064,1.507,57.66534912
56.30804,0.000642,1.508,57.86429709
56.30904,0.000639,1.509,57.56587514
56.31004,0.000641,1.51,57.7648231
56.31104,0.000642,1.511,57.86429709
56.31204,0.000642,1.512,57.86429709
56.31304,0.000641,1.513,57.7648231
56.31404,0.000643,1.514,57.96377107
56.31504,0.000639,1.515,57.56587514
56.31604,0.000635,1.516,57.16797921
56.31704,0.000635,1.517,57.16797921
56.31804,0.000642,1.518,57.86429709
56.31904,0.00064,1.519,57.66534912
56.32004,0.00064,1.52,57.66534912
56.32104,0.000636,1.521,57.26745319
56.32204,0.000638,1.522,57.46640115
56.32304,0.000638,1.523,57.46640115
56.32404,0.00064,1.524,57.66534912
56.32504,0.000646,1.525,58.26219302
56.32604,0.000646,1.526,58.26219302
56.32704,0.000645,1.527,58.16271904
56.32804,0.000639,1.528,57.56587514
56.32904,0.000644,1.529,58.06324505
56.33004,0.000653,1.53,58.9585109
56.33104,0.000649,1.531,58.56061497
56.33204,0.00064,1.532,57.66534912
56.33304,0.000644,1.533,58.06324505
56.33404,0.000647,1.534,58.361667
56.33504,0.000642,1.535,57.86429709
56.33604,0.000651,1.536,58.75956293
56.33704,0.000653,1.537,58.9585109
56.33804,0.000652,1.538,58.85903692
56.33904,0.000649,1.539,58.56061497
56.34004,0.000646,1.54,58.26219302
56.34104,0.000646,1.541,58.26219302
56.34204,0.000648,1.542,58.46114098
56.34304,0.000648,1.543,58.46114098
56.34404,0.000646,1.544,58.26219302
56.34504,0.000648,1.545,58.46114098
56.34604,0.000648,1.546,58.46114098
56.34704,0.000646,1.547,58.26219302
56.34804,0.000639,1.548,57.56587514
56.34904,0.000638,1.549,57.46640115
56.35004,0.000643,1.55,57.96377107
56.35104,0.000641,1.551,57.7648231
56.35204,0.000643,1.552,57.96377107
56.35304,0.00064,1.553,57.66534912
56.35404,0.00064,1.554,57.66534912
56.35504,0.000634,1.555,57.06850522
56.35604,0.000634,1.556,57.06850522
56.35704,0.000637,1.557,57.36692717
56.35804,0.000632,1.558,56.86955726
56.35904,0.000635,1.559,57.16797921
56.36004,0.000632,1.56,56.86955726
56.36104,0.000629,1.561,56.57113531
56.36204,0.00063,1.562,56.67060929
56.36304,0.00063,1.563,56.67060929
56.36404,0.000635,1.564,57.16797921
56.36504,0.000625,1.565,56.17323938
56.36604,0.000621,1.566,55.77534344
56.36704,0.000624,1.567,56.07376539
56.36804,0.000619,1.568,55.57639548
56.36904,0.000619,1.569,55.57639548
56.37004,0.000619,1.57,55.57639548
56.37104,0.000622,1.571,55.87481743
56.37204,0.000621,1.572,55.77534344
56.37304,0.000617,1.573,55.37744751
56.37404,0.000616,1.574,55.27797353
56.37504,0.000622,1.575,55.87481743
56.37604,0.000623,1.576,55.97429141
56.37704,0.000621,1.577,55.77534344
56.37804,0.000615,1.578,55.17849955
56.37904,0.000613,1.579,54.97955158
56.38004,0.000614,1.58,55.07902556
56.38104,0.000608,1.581,54.48218166
56.38204,0.000615,1.582,55.17849955
56.38304,0.000618,1.583,55.47692149
56.38404,0.000622,1.584,55.87481743
56.38504,0.000615,1.585,55.17849955
56.38604,0.000615,1.586,55.17849955
56.38704,0.00062,1.587,55.67586946
56.38804,0.000618,1.588,55.47692149
56.38904,0.000617,1.589,55.37744751
56.39004,0.000616,1.59,55.27797353
56.39104,0.000615,1.591,55.17849955
56.39204,0.000612,1.592,54.8800776
56.39304,0.000609,1.593,54.58165565
56.39404,0.00061,1.594,54.68112963
56.39504,0.000616,1.595,55.27797353
56.39604,0.000614,1.596,55.07902556
56.39704,0.000604,1.597,54.08428573
56.39804,0.000603,1.598,53.98481175
56.39904,0.0006,1.599,53.6863898
56.40004,0.000602,1.6,53.88533777
56.40104,0.000604,1.601,54.08428573
56.40204,0.000597,1.602,53.38796785
56.40304,0.000594,1.603,53.0895459
56.40404,0.000597,1.604,53.38796785
56.40504,0.000596,1.605,53.28849387
56.40604,0.000591,1.606,52.79112395
56.40704,0.000589,1.607,52.59217599
56.40804,0.000588,1.608,52.492702
56.40904,0.000586,1.609,52.29375404
56.41004,0.000586,1.61,52.29375404
56.41104,0.000579,1.611,51.59743616
56.41204,0.000577,1.612,51.39848819
56.41304,0.000575,1.613,51.19954023
56.41404,0.000582,1.614,51.89585811
56.41504,0.000575,1.615,51.19954023
56.41604,0.000569,1.616,50.60269633
56.41704,0.000566,1.617,50.30427438
56.41804,0.000567,1.618,50.40374836
56.41904,0.000565,1.619,50.2048004
56.42004,0.000562,1.62,49.90637845
56.42104,0.000561,1.621,49.80690446
56.42204,0.000556,1.622,49.30953455
56.42304,0.000552,1.623,48.91163862
56.42404,0.000544,1.624,48.11584675
56.42504,0.000548,1.625,48.51374268
56.42604,0.000559,1.626,49.6079565
56.42704,0.000543,1.627,48.01637277
56.42804,0.000527,1.628,46.42478904
56.42904,0.000536,1.629,47.32005489
56.43004,0.000543,1.63,48.01637277
56.43104,0.000529,1.631,46.62373701
56.43204,0.000518,1.632,45.52952319
56.43304,0.000528,1.633,46.52426302
56.43404,0.000527,1.634,46.42478904
56.43504,0.000508,1.635,44.53478336
56.43604,0.000508,1.636,44.53478336
56.43704,0.000509,1.637,44.63425735
56.43804,0.000507,1.638,44.43530938
56.43904,0.000501,1.639,43.83846548
56.44004,0.000497,1.64,43.44056955
56.44104,0.0005,1.641,43.7389915
56.44204,0.000493,1.642,43.04267362
56.44304,0.000482,1.643,41.94845981
56.44404,0.000484,1.644,42.14740777
56.44504,0.000481,1.645,41.84898582
56.44604,0.000471,1.646,40.85424599
56.44704,0.000467,1.647,40.45635006
56.44804,0.000469,1.648,40.65529803
56.44904,0.000462,1.649,39.95898015
56.45004,0.000459,1.65,39.6605582
56.45104,0.000459,1.651,39.6605582
56.45204,0.000458,1.652,39.56108421
56.45304,0.00045,1.653,38.76529235
56.45404,0.000446,1.654,38.36739642
56.45504,0.000445,1.655,38.26792244
56.45604,0.000444,1.656,38.16844845
56.45704,0.000438,1.657,37.57160455
56.45804,0.000441,1.658,37.8700265
56.45904,0.000436,1.659,37.37265659
56.46004,0.000432,1.66,36.97476066
56.46104,0.000428,1.661,36.57686472
56.46204,0.000424,1.662,36.17896879
56.46304,0.00042,1.663,35.78107286
56.46404,0.000416,1.664,35.38317693
56.46504,0.000411,1.665,34.88580701
56.46604,0.000409,1.666,34.68685905
56.46704,0.000407,1.667,34.48791108
56.46804,0.000406,1.668,34.3884371
56.46904,0.000397,1.669,33.49317125
56.47004,0.000394,1.67,33.1947493
56.47104,0.000398,1.671,33.59264523
56.47204,0.000394,1.672,33.1947493
56.47304,0.000388,1.673,32.5979054
56.47404,0.000391,1.674,32.89632735
56.47504,0.000394,1.675,33.1947493
56.47604,0.000386,1.676,32.39895744
56.47704,0.000374,1.677,31.20526964
56.47804,0.000375,1.678,31.30474363
56.47904,0.000381,1.679,31.90158752
56.48004,0.000371,1.68,30.90684769
56.48104,0.000367,1.681,30.50895176
56.48204,0.000371,1.682,30.90684769
56.48304,0.000369,1.683,30.70789973
56.48404,0.000359,1.684,29.7131599
56.48504,0.000357,1.685,29.51421193
56.48604,0.000359,1.686,29.7131599
56.48704,0.000356,1.687,29.41473795
56.48804,0.000348,1.688,28.61894608
56.48904,0.000347,1.689,28.5194721
56.49004,0.000348,1.69,28.61894608
56.49104,0.000342,1.691,28.02210219
56.49204,0.000333,1.692,27.12683634
56.49304,0.000335,1.693,27.32578431
56.49404,0.000339,1.694,27.72368024
56.49504,0.000332,1.695,27.02736236
56.49604,0.000326,1.696,26.43051846
56.49704,0.000322,1.697,26.03262253
56.49804,0.000324,1.698,26.23157049
56.49904,0.00032,1.699,25.83367456
56.50004,0.000319,1.7,25.73420058
56.50104,0.00032,1.701,25.83367456
56.50204,0.000312,1.702,25.0378827
56.50304,0.000309,1.703,24.73946075
56.50404,0.000304,1.704,24.24209083
56.50504,0.000306,1.705,24.4410388
56.50604,0.000303,1.706,24.14261685
56.50704,0.000299,1.707,23.74472092
56.50804,0.000296,1.708,23.44629897
56.50904,0.000294,1.709,23.247351
56.51004,0.000292,1.71,23.04840304
56.51104,0.000289,1.711,22.74998109
56.51204,0.000284,1.712,22.25261117
56.51304,0.000288,1.713,22.6505071
56.51404,0.000281,1.714,21.95418922
56.51504,0.00028,1.715,21.85471524
56.51604,0.000277,1.716,21.55629329
56.51704,0.000278,1.717,21.65576727
56.51804,0.000274,1.718,21.25787134
56.51904,0.00027,1.719,20.85997541
56.52004,0.000273,1.72,21.15839736
56.52104,0.000269,1.721,20.76050143
56.52204,0.000268,1.722,20.66102744
56.52304,0.000265,1.723,20.3626055
56.52404,0.000267,1.724,20.56155346
56.52504,0.000267,1.725,20.56155346
56.52604,0.00026,1.726,19.86523558
56.52704,0.000258,1.727,19.66628761
56.52804,0.000257,1.728,19.56681363
56.52904,0.000255,1.729,19.36786567
56.53004,0.000253,1.73,19.1689177
56.53104,0.000253,1.731,19.1689177
56.53204,0.000255,1.732,19.36786567
56.53304,0.000253,1.733,19.1689177
56.53404,0.000247,1.734,18.5720738
56.53504,0.000247,1.735,18.5720738
56.53604,0.000248,1.736,18.67154778
56.53704,0.000248,1.737,18.67154778
56.53804,0.000244,1.738,18.27365185
56.53904,0.000242,1.739,18.07470389
56.54004,0.000243,1.74,18.17417787
56.54104,0.000239,1.741,17.77628194
56.54204,0.000236,1.742,17.47785999
56.54304,0.000235,1.743,17.37838601
56.54404,0.000238,1.744,17.67680795
56.54504,0.000234,1.745,17.27891202
56.54604,0.000237,1.746,17.57733397
56.54704,0.000233,1.747,17.17943804
56.54804,0.00023,1.748,16.88101609
56.54904,0.00023,1.749,16.88101609
56.55004,0.000232,1.75,17.07996406
56.55104,0.000231,1.751,16.98049007
56.55204,0.000228,1.752,16.68206812
56.55304,0.000224,1.753,16.28417219
56.55404,0.000226,1.754,16.48312016
56.55504,0.000223,1.755,16.18469821
56.55604,0.000221,1.756,15.98575024
56.55704,0.000223,1.757,16.18469821
56.55804,0.000224,1.758,16.28417219
56.55904,0.00022,1.759,15.88627626
56.56004,0.00022,1.76,15.88627626
56.56104,0.00022,1.761,15.88627626
56.56204,0.00022,1.762,15.88627626
56.56304,0.000216,1.763,15.48838033
56.56404,0.000216,1.764,15.48838033
56.56504,0.000213,1.765,15.18995838
56.56604,0.000212,1.766,15.0904844
56.56704,0.000215,1.767,15.38890635
56.56804,0.000212,1.768,15.0904844
56.56904,0.000213,1.769,15.18995838
56.57004,0.000213,1.77,15.18995838
56.57104,0.00021,1.771,14.89153643
56.57204,0.000212,1.772,15.0904844
56.57304,0.000214,1.773,15.28943236
56.57404,0.000209,1.774,14.79206245
56.57504,0.000207,1.775,14.59311448
56.57604,0.000206,1.776,14.4936405
56.57704,0.000207,1.777,14.59311448
56.57804,0.000205,1.778,14.39416652
56.57904,0.000204,1.779,14.29469253
56.58004,0.000201,1.78,13.99627058
56.58104,0.0002,1.781,13.8967966
56.58204,0.000203,1.782,14.19521855
56.58304,0.000201,1.783,13.99627058
56.58404,0.000202,1.784,14.09574457
56.58504,0.0002,1.785,13.8967966
56.58604,0.000198,1.786,13.69784863
56.58704,0.000197,1.787,13.59837465
56.58804,0.000194,1.788,13.2999527
56.58904,0.000195,1.789,13.39942669
56.59004,0.000192,1.79,13.10100474
56.59104,0.000192,1.791,13.10100474
56.59204,0.00019,1.792,12.90205677
56.59304,0.000189,1.793,12.80258279
56.59404,0.000187,1.794,12.60363482
56.59504,0.000188,1.795,12.7031088
56.59604,0.000186,1.796,12.50416084
56.59704,0.000186,1.797,12.50416084
56.59804,0.000184,1.798,12.30521287
56.59904,0.000184,1.799,12.30521287
56.60004,0.000181,1.8,12.00679092
56.60104,0.00018,1.801,11.90731694
56.60204,0.00018,1.802,11.90731694
56.60304,0.000177,1.803,11.60889499
56.60404,0.000176,1.804,11.50942101
56.60504,0.000173,1.805,11.21099906
56.60604,0.000175,1.806,11.40994703
56.60704,0.000172,1.807,11.11152508
56.60804,0.000174,1.808,11.31047304
56.60904,0.00017,1.809,10.91257711
56.61004,0.00017,1.81,10.91257711
56.61104,0.000169,1.811,10.81310313
56.61204,0.00017,1.812,10.91257711
56.61304,0.000167,1.813,10.61415516
56.61404,0.000167,1.814,10.61415516
56.61504,0.000164,1.815,10.31573321
56.61604,0.000164,1.816,10.31573321
56.61704,0.000161,1.817,10.01731126
56.61804,0.000161,1.818,10.01731126
56.61904,0.00016,1.819,9.91783728
56.62004,0.000156,1.82,9.519941348
56.62104,0.000156,1.821,9.519941348
56.62204,0.000157,1.822,9.619415331
56.62304,0.000155,1.823,9.420467365
56.62404,0.000153,1.824,9.221519399
56.62504,0.000155,1.825,9.420467365
56.62604,0.000155,1.826,9.420467365
56.62704,0.000152,1.827,9.122045416
56.62804,0.000149,1.828,8.823623467
56.62904,0.000151,1.829,9.022571433
56.63004,0.000148,1.83,8.724149484
56.63104,0.000147,1.831,8.624675501
56.63204,0.000144,1.832,8.326253552
56.63304,0.000146,1.833,8.525201518
56.63404,0.000143,1.834,8.226779569
56.63504,0.000141,1.835,8.027831603
56.63604,0.000138,1.836,7.729409654
56.63704,0.000138,1.837,7.729409654
56.63804,0.000138,1.838,7.729409654
56.63904,0.000136,1.839,7.530461688
56.64004,0.000137,1.84,7.629935671
56.64104,0.000137,1.841,7.629935671
56.64204,0.000133,1.842,7.232039739
56.64304,0.000132,1.843,7.132565756
56.64404,0.000132,1.844,7.132565756
56.64504,0.000131,1.845,7.033091773
56.64604,0.000133,1.846,7.232039739
56.64704,0.000128,1.847,6.734669824
56.64804,0.000129,1.848,6.834143807
56.64904,0.00013,1.849,6.93361779
56.65004,0.000126,1.85,6.535721858
56.65104,0.000126,1.851,6.535721858
56.65204,0.000122,1.852,6.137825926
56.65304,0.000124,1.853,6.336773892
56.65404,0.00012,1.854,5.93887796
56.65504,0.000122,1.855,6.137825926
56.65604,0.000121,1.856,6.038351943
56.65704,0.00012,1.857,5.93887796
56.65804,0.000118,1.858,5.739929994
56.65904,0.000115,1.859,5.441508045
56.66004,0.000116,1.86,5.540982028
56.66104,0.000116,1.861,5.540982028
56.66204,0.000112,1.862,5.143086096
56.66304,0.000112,1.863,5.143086096
56.66404,0.000113,1.864,5.242560079
56.66504,0.000111,1.865,5.043612113
56.66604,0.00011,1.866,4.94413813
56.66704,0.000108,1.867,4.745190164
56.66804,0.000109,1.868,4.844664147
56.66904,0.000107,1.869,4.645716181
56.67004,0.000105,1.87,4.446768215
56.67104,0.000105,1.871,4.446768215
56.67204,0.000105,1.872,4.446768215
56.67304,0.000103,1.873,4.247820249
56.67404,0.000103,1.874,4.247820249
56.67504,0.000101,1.875,4.048872283
56.67604,0.000103,1.876,4.247820249
56.67704,0.0001,1.877,3.9493983
56.67804,9.96E-05,1.878,3.91E+00
56.67904,9.97E-05,1.879,3.92E+00
56.68004,9.82E-05,1.88,3.77E+00
56.68104,9.53E-05,1.881,3.49E+00
56.68204,9.67E-05,1.882,3.62E+00
56.68304,9.53E-05,1.883,3.48E+00
56.68404,9.53E-05,1.884,3.48E+00
56.68504,9.27E-05,1.885,3.22E+00
56.68604,9.25E-05,1.886,3.20E+00
56.68704,9.32E-05,1.887,3.27E+00
56.68804,9.05E-05,1.888,3.00E+00
56.68904,9.13E-05,1.889,3.09E+00
56.69004,9.08E-05,1.89,3.04E+00
56.69104,8.93E-05,1.891,2.89E+00
56.69204,9.00E-05,1.892,2.96E+00
56.69304,8.82E-05,1.893,2.77E+00
56.69404,8.95E-05,1.894,2.90E+00
56.69504,8.96E-05,1.895,2.91E+00
56.69604,8.64E-05,1.896,2.60E+00
56.69704,8.67E-05,1.897,2.62E+00
56.69804,8.80E-05,1.898,2.75E+00
56.69904,8.70E-05,1.899,2.65E+00
56.70004,8.55E-05,1.9,2.51E+00
56.70104,8.60E-05,1.901,2.56E+00
56.70204,8.48E-05,1.902,2.44E+00
56.70304,8.62E-05,1.903,2.58E+00
56.70404,8.41E-05,1.904,2.37E+00
56.70504,8.42E-05,1.905,2.38E+00
56.70604,8.29E-05,1.906,2.25E+00
56.70704,8.30E-05,1.907,2.26E+00
56.70804,8.20E-05,1.908,2.16E+00
56.70904,8.18E-05,1.909,2.14E+00
56.71004,8.16E-05,1.91,2.12E+00
56.71104,8.17E-05,1.911,2.13E+00
56.71204,8.01E-05,1.912,1.97E+00
56.71304,8.29E-05,1.913,2.25E+00
56.71404,8.03E-05,1.914,1.99E+00
56.71504,7.89E-05,1.915,1.85E+00
56.71604,7.92E-05,1.916,1.88E+00
56.71704,7.99E-05,1.917,1.95E+00
56.71804,7.93E-05,1.918,1.89E+00
56.71904,7.80E-05,1.919,1.76E+00
56.72004,7.71E-05,1.92,1.67E+00
56.72104,7.82E-05,1.921,1.79E+00
56.72204,7.65E-05,1.922,1.61E+00
56.72304,7.55E-05,1.923,1.52E+00
56.72404,7.54E-05,1.924,1.50E+00
56.72504,7.59E-05,1.925,1.55E+00
56.72604,7.51E-05,1.926,1.47E+00
56.72704,7.64E-05,1.927,1.60E+00
56.72804,7.30E-05,1.928,1.26E+00
56.72904,7.39E-05,1.929,1.35E+00
56.73004,7.45E-05,1.93,1.41E+00
56.73104,7.46E-05,1.931,1.42E+00
56.73204,7.43E-05,1.932,1.39E+00
56.73304,7.32E-05,1.933,1.28E+00
56.73404,7.19E-05,1.934,1.15E+00
56.73504,7.20E-05,1.935,1.17E+00
56.73604,7.34E-05,1.936,1.31E+00
56.73704,7.13E-05,1.937,1.09E+00
56.73804,6.91E-05,1.938,8.79E-01
56.73904,7.21E-05,1.939,1.17E+00
56.74004,7.23E-05,1.94,1.19E+00
56.74104,6.96E-05,1.941,9.22E-01
56.74204,7.11E-05,1.942,1.07E+00
56.74304,7.14E-05,1.943,1.11E+00
56.74404,7.13E-05,1.944,1.10E+00
56.74504,6.79E-05,1.945,7.53E-01
56.74604,7.03E-05,1.946,9.95E-01
56.74704,6.98E-05,1.947,9.42E-01
56.74804,6.95E-05,1.948,9.20E-01
56.74904,6.81E-05,1.949,7.81E-01
56.75004,6.86E-05,1.95,8.28E-01
56.75104,6.86E-05,1.951,8.23E-01
56.75204,6.79E-05,1.952,7.57E-01
56.75304,6.93E-05,1.953,8.96E-01
56.75404,6.96E-05,1.954,9.24E-01
56.75504,6.89E-05,1.955,8.60E-01
56.75604,6.51E-05,1.956,4.73E-01
56.75704,6.73E-05,1.957,6.96E-01
56.75804,6.77E-05,1.958,7.35E-01
56.75904,6.59E-05,1.959,5.60E-01
56.76004,6.66E-05,1.96,6.30E-01
56.76104,6.63E-05,1.961,5.96E-01
56.76204,6.91E-05,1.962,8.80E-01
56.76304,6.48E-05,1.963,4.46E-01
56.76404,6.74E-05,1.964,7.05E-01
56.76504,6.69E-05,1.965,6.59E-01
56.76604,6.59E-05,1.966,5.57E-01
56.76704,6.56E-05,1.967,5.25E-01
56.76804,6.64E-05,1.968,6.06E-01
56.76904,6.69E-05,1.969,6.52E-01
56.77004,6.53E-05,1.97,5.02E-01
56.77104,6.64E-05,1.971,6.04E-01
56.77204,6.33E-05,1.972,2.99E-01
56.77304,6.35E-05,1.973,3.18E-01
56.77404,6.51E-05,1.974,4.79E-01
56.77504,6.56E-05,1.975,5.26E-01
56.77604,6.57E-05,1.976,5.41E-01
56.77704,6.44E-05,1.977,4.04E-01
56.77804,6.52E-05,1.978,4.89E-01
56.77904,6.50E-05,1.979,4.64E-01
56.78004,6.54E-05,1.98,5.05E-01
56.78104,6.64E-05,1.981,6.10E-01
56.78204,6.33E-05,1.982,2.94E-01
56.78304,6.36E-05,1.983,3.31E-01
56.78404,6.23E-05,1.984,1.99E-01
56.78504,6.34E-05,1.985,3.08E-01
56.78604,6.40E-05,1.986,3.64E-01
56.78704,6.31E-05,1.987,2.77E-01
56.78804,6.49E-05,1.988,4.59E-01
56.78904,6.28E-05,1.989,2.48E-01
56.79004,6.27E-05,1.99,2.43E-01
56.79104,6.34E-05,1.991,3.09E-01
56.79204,6.26E-05,1.992,2.29E-01
56.79304,6.55E-05,1.993,5.21E-01
56.79404,6.36E-05,1.994,3.30E-01
56.79504,6.33E-05,1.995,3.02E-01
56.79604,6.33E-05,1.996,3.00E-01
56.79704,6.38E-05,1.997,3.51E-01
56.79804,6.31E-05,1.998,2.77E-01
56.79904,6.15E-05,1.999,1.18E-01
56.80004,6.11E-05,2,8.15E-02
56.80104,6.38E-05,2.001,3.48E-01
56.80204,6.15E-05,2.002,1.16E-01
56.80304,6.43E-05,2.003,4.02E-01
56.80404,6.21E-05,2.004,1.83E-01
56.80504,6.15E-05,2.005,1.17E-01
56.80604,6.07E-05,2.006,4.32E-02
56.80704,6.29E-05,2.007,2.56E-01
56.80804,6.30E-05,2.008,2.70E-01
56.80904,6.24E-05,2.009,2.13E-01
56.81004,6.22E-05,2.01,1.91E-01
56.81104,6.36E-05,2.011,3.25E-01
56.81204,6.20E-05,2.012,1.68E-01
56.81304,6.30E-05,2.013,2.70E-01
56.81404,6.21E-05,2.014,1.75E-01
56.81504,6.12E-05,2.015,9.42E-02
56.81604,6.22E-05,2.016,1.87E-01
56.81704,6.18E-05,2.017,1.47E-01
56.81804,6.12E-05,2.018,9.45E-02
56.81904,6.09E-05,2.019,6.01E-02
56.82004,6.09E-05,2.02,6.43E-02
56.82104,6.16E-05,2.021,1.31E-01
56.82204,6.04E-05,2.022,8.54E-03
56.82304,6.18E-05,2.023,1.54E-01
56.82404,6.10E-05,2.024,7.17E-02
56.82504,6.20E-05,2.025,1.64E-01
56.82604,6.06E-05,2.026,3.20E-02
56.82704,6.25E-05,2.027,2.15E-01
56.82804,6.09E-05,2.028,6.46E-02
56.82904,6.03E-05,2.029,3.80E-03
56.83004,6.15E-05,2.03,1.19E-01
56.83104,6.27E-05,2.031,2.42E-01
56.83204,6.24E-05,2.032,2.12E-01
56.83304,6.00E-05,2.033,-3.12E-02
56.83404,6.13E-05,2.034,9.60E-02
56.83504,6.10E-05,2.035,7.17E-02
56.83604,6.26E-05,2.036,2.30E-01
56.83704,6.21E-05,2.037,1.78E-01
56.83804,5.92E-05,2.038,-1.09E-01
56.83904,5.96E-05,2.039,-6.62E-02
56.84004,6.25E-05,2.04,2.14E-01
56.84104,6.07E-05,2.041,4.26E-02
56.84204,6.09E-05,2.042,5.95E-02
56.84304,6.03E-05,2.043,1.43E-03
56.84404,6.14E-05,2.044,1.07E-01
56.84504,5.99E-05,2.045,-3.65E-02
56.84604,5.87E-05,2.046,-1.54E-01
56.84704,5.99E-05,2.047,-4.30E-02
56.84804,6.07E-05,2.048,4.29E-02
56.84904,6.03E-05,2.049,4.39E-03
56.85004,6.04E-05,2.05,1.03E-02
56.85104,6.08E-05,2.051,4.62E-02
56.85204,6.13E-05,2.052,9.78E-02
56.85304,6.07E-05,2.053,4.23E-02
56.85404,6.09E-05,2.054,6.10E-02
56.85504,6.09E-05,2.055,6.40E-02
56.85604,5.94E-05,2.056,-8.54E-02
56.85704,6.12E-05,2.057,8.95E-02
56.85804,5.87E-05,2.058,-1.61E-01
56.85904,6.11E-05,2.059,7.73E-02
56.86004,5.98E-05,2.06,-5.10E-02
56.86104,6.07E-05,2.061,3.61E-02
56.86204,6.09E-05,2.062,6.40E-02
56.86304,5.82E-05,2.063,-2.11E-01
56.86404,5.94E-05,2.064,-9.26E-02
56.86504,5.91E-05,2.065,-1.18E-01
56.86604,6.06E-05,2.066,3.17E-02
56.86704,5.84E-05,2.067,-1.91E-01
56.86804,5.98E-05,2.068,-4.99E-02
56.86904,6.08E-05,2.069,4.80E-02
56.87004,6.08E-05,2.07,5.36E-02
56.87104,5.93E-05,2.071,-9.91E-02
56.87204,5.91E-05,2.072,-1.18E-01
56.87304,6.01E-05,2.073,-2.05E-02
56.87404,5.84E-05,2.074,-1.92E-01
56.87504,5.73E-05,2.075,-3.02E-01
56.87604,5.88E-05,2.076,-1.46E-01
56.87704,5.89E-05,2.077,-1.36E-01
56.87804,5.79E-05,2.078,-2.38E-01
56.87904,6.03E-05,2.079,2.32E-03
56.88004,5.89E-05,2.08,-1.39E-01
56.88104,6.12E-05,2.081,9.27E-02
56.88204,5.94E-05,2.082,-9.23E-02
56.88304,5.92E-05,2.083,-1.09E-01
56.88404,6.06E-05,2.084,2.93E-02
56.88504,5.92E-05,2.085,-1.13E-01
56.88604,6.03E-05,2.086,-3.32E-03
56.88704,6.09E-05,2.087,6.22E-02
56.88804,6.04E-05,2.088,6.47E-03
56.88904,6.01E-05,2.089,-1.78E-02
56.89004,5.83E-05,2.09,-2.02E-01
56.89104,6.04E-05,2.091,9.43E-03
56.89204,5.94E-05,2.092,-9.34E-02
56.89304,5.83E-05,2.093,-2.03E-01
56.89404,6.00E-05,2.094,-3.03E-02
56.89504,5.92E-05,2.095,-1.05E-01
56.89604,5.97E-05,2.096,-5.94E-02
56.89704,5.90E-05,2.097,-1.27E-01
56.89804,5.94E-05,2.098,-8.57E-02
56.89904,6.06E-05,2.099,2.57E-02
56.89908,5.95E-05,2.09904,-7.68E-02
56.89912,5.93E-05,2.09908,-9.85E-02
56.89916,5.99E-05,2.09912,-4.04E-02
56.8992,6.08E-05,2.09916,5.06E-02
56.89924,5.91E-05,2.0992,-1.16E-01
56.89928,5.98E-05,2.09924,-5.13E-02
56.89932,5.95E-05,2.09928,-7.71E-02
56.89936,6.09E-05,2.09932,6.43E-02
56.8994,5.94E-05,2.09936,-9.23E-02
56.89944,5.88E-05,2.0994,-1.51E-01
56.89948,5.85E-05,2.09944,-1.80E-01
56.89952,5.81E-05,2.09948,-2.19E-01
56.89956,5.83E-05,2.09952,-1.98E-01
56.8996,5.97E-05,2.09956,-5.85E-02
56.89964,5.96E-05,2.0996,-7.33E-02
56.89968,5.98E-05,2.09964,-4.51E-02
56.89972,5.95E-05,2.09968,-7.68E-02
56.89976,5.97E-05,2.09972,-6.23E-02
56.8998,5.87E-05,2.09976,-1.60E-01
56.89984,5.93E-05,2.0998,-1.03E-01
56.89988,5.92E-05,2.09984,-1.06E-01
56.89992,5.80E-05,2.09988,-2.24E-01
56.89996,5.83E-05,2.09992,-1.99E-01
56.9,6.03E-05,2.09996,3.50E-03