0.001,-0.027509
0.002,-0.042229
0.003,0.104969
0.004,-0.027509
0.005,0.07553
0.006,-0.056948
0.007,0.090249
0.008,-0.042229
0.009,-0.130547
0.01,0.04609
0.011,0.06081
0.012,0.222727
0.013,0.163848
0.014,0.193288
0.015,0.502403
0.016,-0.071668
0.017,0.208008
0.018,-0.071668
0.019,0.06081
0.02,0.104969
0.021,0.163848
0.022,0.517123
0.023,0.252167
0.024,0.428804
0.025,0.7232
0.026,0.73792
0.027,0.487683
0.028,0.840958
0.029,0.811519
0.03,1.135354
0.031,1.061755
0.032,1.341431
0.033,1.150074
0.034,1.959661
0.035,2.254057
0.036,2.636771
0.037,3.829073
0.038,5.227452
0.039,6.71415
0.04,7.685655
0.041,9.510908
0.042,10.526572
0.043,13.411649
0.044,16.856077
0.045,33.23919
0.046,36.860256
0.047,28.499422
0.048,20.859857
0.049,27.719274
0.05,31.29618
0.051,27.719274
0.052,25.96762
0.053,26.909686
0.054,26.968565
0.055,26.865526
0.056,27.101043
0.057,27.218801
0.058,26.777208
0.059,26.585851
0.06,26.747768
0.061,27.027444
0.062,26.865526
0.063,26.983285
0.064,27.027444
0.065,27.572076
0.066,27.410158
0.067,27.410158
0.068,28.249186
0.069,28.366944
0.07,28.705499
0.071,28.720218
0.072,29.353169
0.073,30.192196
0.074,30.471872
0.075,31.075383
0.076,31.340339
0.077,32.120487
0.078,32.812317
0.079,32.988954
0.08,33.827982
0.081,34.416773
0.082,34.828926
0.083,35.770992
0.084,36.006509
0.085,37.154651
0.086,37.90536
0.087,39.053503
0.088,40.054448
0.089,40.363563
0.09,41.614744
0.091,42.55681
0.092,43.116162
0.093,44.57342
0.094,45.633244
0.095,46.192595
0.096,47.031623
0.097,47.958969
0.098,48.768557
0.099,49.283749
0.1,49.769502
0.101,50.917644
0.102,51.609474
0.103,52.183545
0.104,52.580979
0.105,53.110891
0.106,53.493605
0.107,53.758562
0.108,54.126556
0.109,54.406232
0.11,54.818386
0.111,55.84877
0.112,56.187325
0.113,56.128446
0.114,56.305083
0.115,56.908594
0.116,56.805556
0.117,56.864435
0.118,56.879155
0.119,56.820275
0.12,57.129391
0.121,57.129391
0.122,57.600424
0.123,57.983138
0.124,58.042017
0.125,58.689687
0.126,58.542489
0.127,58.881044
0.128,59.028242
0.129,59.337358
0.13,60.029187
0.131,60.205824
0.132,60.264704
0.133,60.4855
0.134,60.971253
0.135,60.617978
0.136,60.956533
0.137,61.236209
0.138,61.457006
0.139,61.751401
0.14,61.324528
0.141,61.13317
0.142,61.574764
0.143,61.81028
0.144,61.412846
0.145,61.589484
0.146,61.545324
0.147,61.986918
0.148,61.736681
0.149,61.560044
0.15,61.986918
0.151,61.883879
0.152,62.266593
0.153,62.163555
0.154,62.075236
0.155,62.590429
0.156,62.50211
0.157,62.825945
0.158,62.678747
0.159,62.634588
0.16,62.884824
0.161,62.384352
0.162,63.13506
0.163,63.193939
0.164,62.855385
0.165,62.722907
0.166,63.326417
0.167,63.591373
0.168,63.473615
0.169,63.561934
0.17,63.252819
0.171,63.282258
0.172,63.311698
0.173,63.929928
0.174,63.81217
0.175,64.003527
0.176,63.944648
0.177,64.018247
0.178,64.106566
0.179,64.636478
0.18,64.283203
0.181,64.106566
0.182,64.371522
0.183,64.209604
0.184,64.754236
0.185,65.078071
0.186,64.680637
0.187,64.312643
0.188,64.621758
0.189,64.51872
0.19,64.798395
0.191,65.033912
0.192,65.269428
0.193,64.754236
0.194,65.578544
0.195,66.049576
0.196,66.108456
0.197,66.46173
0.198,66.947483
0.199,66.697247
0.2,66.44701
0.201,67.109401
0.202,67.12412
0.203,66.608928
0.204,68.139785
0.205,68.228104
0.206,68.316422
0.207,67.757071
0.208,67.16828
0.209,67.462675
0.21,67.639313
0.211,67.447955
0.212,67.433236
0.213,67.668752
0.214,67.227159
0.215,67.330197
0.216,67.418516
0.217,67.580433
0.218,67.212439
0.219,67.109401
0.22,67.757071
0.221,67.874829
0.222,67.300758
0.223,67.81595
0.224,67.80123
0.225,67.757071
0.226,67.977867
0.227,68.169225
0.228,68.228104
0.229,67.992587
0.23,68.316422
0.231,68.581378
0.232,68.728576
0.233,69.552884
0.234,69.361527
0.235,69.081851
0.236,69.670642
0.237,69.449845
0.238,69.758961
0.239,70.553829
0.24,70.568548
0.241,69.405686
0.242,69.567604
0.243,70.46551
0.244,70.053356
0.245,69.582323
0.246,69.376246
0.247,69.758961
0.248,69.891439
0.249,69.847279
0.25,70.259433
0.251,69.670642
0.252,69.170169
0.253,69.184889
0.254,69.332087
0.255,69.287928
0.256,69.538164
0.257,69.022972
0.258,69.685362
0.259,69.582323
0.26,69.184889
0.261,69.15545
0.262,68.846334
0.263,68.46362
0.264,68.49306
0.265,68.49306
0.266,68.404741
0.267,68.286983
0.268,68.331142
0.269,68.551939
0.27,68.154505
0.271,68.198664
0.272,68.728576
0.273,68.228104
0.274,68.375301
0.275,68.787455
0.276,68.507779
0.277,68.596098
0.278,69.12601
0.279,69.170169
0.28,69.508724
0.281,69.508724
0.282,69.11129
0.283,70.406631
0.284,71.304537
0.285,70.244713
0.286,70.259433
0.287,70.907103
0.288,71.275098
0.289,70.009197
0.29,70.023917
0.291,71.054301
0.292,70.46551
0.293,70.112235
0.294,70.171114
0.295,71.010142
0.296,70.965982
0.297,70.141675
0.298,70.921823
0.299,71.495894
0.3,70.642147
0.301,70.377191
0.302,71.363416
0.303,71.11318
0.304,71.11318
0.305,70.686307
0.306,70.141675
0.307,72.48212
0.308,72.673477
0.309,71.878609
0.31,72.629317
0.311,72.555719
0.312,71.09846
0.313,70.701026
0.314,70.49495
0.315,70.907103
0.316,70.229994
0.317,69.332087
0.318,69.655922
0.319,69.906158
0.32,69.685362
0.321,69.022972
0.322,69.258488
0.323,69.12601
0.324,69.317367
0.325,69.597043
0.326,69.758961
0.327,69.538164
0.328,69.420406
0.329,69.876719
0.33,69.994477
0.331,71.687252
0.332,70.818785
0.333,70.215274
0.334,70.745186
0.335,71.378136
0.336,71.024862
0.337,70.48023
0.338,70.49495
0.339,70.229994
0.34,70.49495
0.341,69.096571
0.342,71.893328
0.343,72.290763
0.344,72.761795
0.345,72.599878
0.346,71.863889
0.347,71.466455
0.348,71.275098
0.349,73.14451
0.35,72.732356
0.351,71.849169
0.352,72.143565
0.353,72.246603
0.354,71.80501
0.355,71.687252
0.356,71.260378
0.357,71.260378
0.358,71.966927
0.359,70.244713
0.36,73.541944
0.361,73.880499
0.362,72.349642
0.363,75.308317
0.364,74.042416
0.365,73.218109
0.366,72.570438
0.367,73.14451
0.368,72.879554
0.369,72.511559
0.37,72.231883
0.371,72.276043
0.372,72.011087
0.373,72.173004
0.374,71.1279
0.375,72.540999
0.376,72.143565
0.377,72.408521
0.378,72.246603
0.379,72.143565
0.38,71.908048
0.381,71.407576
0.382,72.231883
0.383,72.570438
0.384,71.069021
0.385,73.276988
0.386,74.160174
0.387,72.496839
0.388,72.48212
0.389,71.687252
0.39,73.79218
0.391,73.070911
0.392,73.262268
0.393,73.821619
0.394,73.79218
0.395,73.821619
0.396,73.556663
0.397,74.778405
0.398,74.616488
0.399,73.468345
0.4,73.10035
0.401,74.969762
0.402,75.661592
0.403,73.821619
0.404,73.203389
0.405,75.293597
0.406,76.059026
0.407,75.205279
0.408,74.645927
0.409,75.941268
0.41,74.46929
0.411,73.8069
0.412,74.336812
0.413,76.044306
0.414,75.558553
0.415,73.909938
0.416,73.644982
0.417,74.263213
0.418,75.11696
0.419,74.616488
0.42,73.939378
0.421,74.690086
0.422,74.748966
0.423,74.42513
0.424,74.852004
0.425,75.587993
0.426,74.969762
0.427,74.984482
0.428,75.10224
0.429,77.354366
0.43,76.073746
0.431,75.970707
0.432,71.1279
0.433,77.943157
0.434,79.974487
0.435,79.73897
0.436,77.634042
0.437,76.162064
0.438,76.353421
0.439,75.985427
0.44,76.191504
0.441,75.323037
0.442,76.353421
0.443,75.529114
0.444,74.101295
0.445,72.055246
0.446,75.264158
0.447,75.823509
0.448,75.308317
0.449,75.175839
0.45,75.13168
0.451,74.778405
0.452,74.336812
0.453,74.528169
0.454,76.132625
0.455,74.395691
0.456,74.690086
0.457,76.103185
0.458,76.824454
0.459,76.044306
0.46,75.661592
0.461,75.74991
0.462,74.910883
0.463,74.204334
0.464,74.822564
0.465,75.161119
0.466,75.735191
0.467,75.11696
0.468,74.086575
0.469,76.603658
0.47,76.515339
0.471,76.795015
0.472,76.294542
0.473,75.852949
0.474,75.79407
0.475,75.396636
0.476,75.852949
0.477,75.499674
0.478,75.632152
0.479,75.529114
0.48,75.10224
0.481,75.161119
0.482,75.1464
0.483,75.705751
0.484,74.645927
0.485,74.498729
0.486,75.205279
0.487,74.690086
0.488,74.719526
0.489,74.852004
0.49,74.793125
0.491,76.235663
0.492,76.265103
0.493,75.911828
0.494,75.470235
0.495,75.264158
0.496,75.10224
0.497,76.485899
0.498,75.77935
0.499,74.969762
0.5,75.381916
0.501,74.616488
0.502,74.837284
0.503,76.294542
0.504,76.559498
0.505,76.323982
0.506,75.352476
0.507,77.148289
0.508,77.928438
0.509,76.588938
0.51,75.897108
0.511,76.044306
0.512,75.79407
0.513,75.911828
0.514,76.206224
0.515,75.602713
0.516,75.79407
0.517,75.529114
0.518,75.470235
0.519,75.926548
0.52,75.499674
0.521,76.132625
0.522,75.970707
0.523,75.926548
0.524,75.852949
0.525,75.985427
0.526,75.926548
0.527,76.117905
0.528,75.499674
0.529,76.000147
0.53,76.088465
0.531,75.970707
0.532,76.323982
0.533,76.44174
0.534,80.254163
0.535,77.825399
0.536,77.08941
0.537,77.427965
0.538,77.08941
0.539,77.11885
0.54,77.163009
0.541,77.148289
0.542,76.971652
0.543,76.927493
0.544,76.544778
0.545,76.883333
0.546,76.662537
0.547,76.530059
0.548,76.912773
0.549,76.706696
0.55,76.662537
0.551,76.588938
0.552,76.942212
0.553,77.001092
0.554,77.07469
0.555,77.07469
0.556,77.236608
0.557,77.221888
0.558,77.192449
0.559,77.604603
0.56,77.295487
0.561,77.7518
0.562,77.236608
0.563,77.560443
0.564,77.148289
0.565,77.76652
0.566,77.619322
0.567,77.957877
0.568,77.310207
0.569,77.692921
0.57,77.324927
0.571,77.869559
0.572,78.105075
0.573,78.031476
0.574,78.060916
0.575,77.78124
0.576,77.79596
0.577,77.972597
0.578,76.795015
0.579,80.651597
0.58,81.417025
0.581,78.487789
0.582,79.680091
0.583,80.210003
0.584,79.12074
0.585,79.150179
0.586,78.546668
0.587,78.266993
0.588,77.913718
0.589,78.105075
0.59,78.090355
0.591,76.986372
0.592,78.502509
0.593,77.928438
0.594,78.325872
0.595,78.973542
0.596,79.0913
0.597,78.266993
0.598,79.282657
0.599,78.45835
0.6,78.738025
0.601,79.267937
0.602,78.44363
0.603,78.796905
0.604,78.531949
0.605,78.090355
0.606,78.031476
0.607,78.826344
0.608,78.44363
0.609,78.679146
0.61,78.45835
0.611,78.178674
0.612,78.826344
0.613,78.634987
0.614,78.502509
0.615,78.002037
0.616,77.987317
0.617,78.134515
0.618,78.031476
0.619,78.149234
0.62,78.252273
0.621,78.281712
0.622,77.7518
0.623,78.149234
0.624,77.972597
0.625,78.561388
0.626,78.090355
0.627,78.296432
0.628,78.561388
0.629,78.752745
0.63,78.870503
0.631,78.384751
0.632,78.517229
0.633,78.090355
0.634,78.590828
0.635,78.487789
0.636,78.502509
0.637,78.679146
0.638,79.032421
0.639,78.605547
0.64,81.004871
0.641,81.387586
0.642,79.76841
0.643,79.385696
0.644,79.827289
0.645,79.194339
0.646,79.209058
0.647,78.620267
0.648,79.73897
0.649,79.400415
0.65,79.282657
0.651,79.606492
0.652,79.709531
0.653,84.037146
0.654,88.570837
0.655,83.801629
0.656,80.533838
0.657,81.814459
0.658,81.902778
0.659,79.959767
0.66,79.842009
0.661,79.915608
0.662,79.680091
0.663,79.341536
0.664,79.07658
0.665,79.297377
0.666,79.621212
0.667,79.150179
0.668,78.870503
0.669,78.958822
0.67,78.752745
0.671,78.45835
0.672,78.531949
0.673,78.649707
0.674,78.649707
0.675,79.135459
0.676,79.07658
0.677,78.767465
0.678,79.223778
0.679,79.871448
0.68,79.10602
0.681,78.914663
0.682,78.752745
0.683,79.12074
0.684,78.855784
0.685,79.223778
0.686,78.914663
0.687,78.914663
0.688,79.370976
0.689,80.239443
0.69,81.049031
0.691,80.504399
0.692,80.533838
0.693,81.210948
0.694,80.681036
0.695,80.636877
0.696,80.798794
0.697,80.828234
0.698,81.196228
0.699,81.299267
0.7,81.019591
0.701,80.754635
0.702,81.166789
0.703,80.710476
0.704,80.283602
0.705,80.533838
0.706,80.592718
0.707,80.533838
0.708,80.887113
0.709,81.210948
0.71,81.07847
0.711,80.842954
0.712,81.07847
0.713,80.41608
0.714,80.857674
0.715,81.446465
0.716,81.946937
0.717,81.505344
0.718,81.166789
0.719,81.637822
0.72,80.975432
0.721,81.06375
0.722,81.711421
0.723,81.564223
0.724,81.10791
0.725,81.343426
0.726,81.181509
0.727,81.004871
0.728,81.358146
0.729,81.564223
0.73,81.593662
0.731,81.7703
0.732,81.578943
0.733,81.623102
0.734,82.094135
0.735,82.373811
0.736,81.858618
0.737,81.593662
0.738,81.829179
0.739,81.888058
0.74,81.343426
0.741,81.255108
0.742,81.461184
0.743,81.637822
0.744,82.138294
0.745,81.402305
0.746,81.858618
0.747,81.593662
0.748,81.137349
0.749,81.75558
0.75,81.446465
0.751,81.12263
0.752,81.12263
0.753,81.225668
0.754,81.564223
0.755,81.431745
0.756,81.417025
0.757,81.299267
0.758,81.814459
0.759,81.09319
0.76,80.622157
0.761,80.739915
0.762,81.137349
0.763,81.475904
0.764,81.210948
0.765,81.549503
0.766,81.372866
0.767,81.946937
0.768,81.210948
0.769,81.534783
0.77,81.417025
0.771,82.020536
0.772,81.328706
0.773,81.152069
0.774,81.196228
0.775,80.975432
0.776,81.152069
0.777,81.06375
0.778,81.284547
0.779,82.44741
0.78,83.183399
0.781,82.359091
0.782,82.211893
0.783,81.78502
0.784,82.108855
0.785,82.785965
0.786,82.226613
0.787,82.108855
0.788,82.123574
0.789,81.902778
0.79,81.623102
0.791,81.873338
0.792,82.300212
0.793,82.094135
0.794,82.44741
0.795,82.153014
0.796,82.329651
0.797,81.652542
0.798,82.049976
0.799,82.035256
0.8,82.889003
0.801,83.345316
0.802,82.992041
0.803,82.727085
0.804,81.946937
0.805,82.226613
0.806,82.167734
0.807,82.049976
0.808,82.094135
0.809,81.858618
0.81,81.696701
0.811,81.711421
0.812,81.461184
0.813,81.181509
0.814,81.505344
0.815,81.06375
0.816,81.402305
0.817,81.196228
0.818,81.152069
0.819,80.960712
0.82,80.695756
0.821,80.710476
0.822,80.739915
0.823,81.07847
0.824,81.049031
0.825,81.210948
0.826,80.916553
0.827,79.871448
0.828,81.72614
0.829,81.09319
0.83,80.386641
0.831,80.945992
0.832,81.623102
0.833,80.857674
0.834,81.858618
0.835,82.40325
0.836,81.284547
0.837,81.225668
0.838,81.10791
0.839,80.710476
0.84,80.40136
0.841,80.813514
0.842,80.474959
0.843,80.504399
0.844,80.842954
0.845,80.945992
0.846,80.519119
0.847,80.151124
0.848,80.622157
0.849,80.4308
0.85,80.268882
0.851,80.092245
0.852,80.577998
0.853,80.798794
0.854,81.10791
0.855,81.004871
0.856,80.636877
0.857,80.769355
0.858,80.725196
0.859,81.166789
0.86,80.622157
0.861,80.945992
0.862,80.386641
0.863,80.46024
0.864,80.725196
0.865,80.681036
0.866,80.754635
0.867,80.268882
0.868,79.989207
0.869,79.238498
0.87,79.724251
0.871,80.018646
0.872,80.210003
0.873,80.268882
0.874,80.077525
0.875,80.577998
0.876,80.268882
0.877,80.504399
0.878,80.033366
0.879,80.46024
0.88,80.651597
0.881,80.210003
0.882,80.592718
0.883,81.06375
0.884,81.210948
0.885,80.872393
0.886,80.622157
0.887,80.327762
0.888,80.622157
0.889,80.41608
0.89,80.283602
0.891,80.622157
0.892,80.327762
0.893,80.504399
0.894,80.092245
0.895,79.915608
0.896,80.033366
0.897,80.165844
0.898,80.695756
0.899,80.592718
0.9,80.327762
0.901,80.210003
0.902,79.974487
0.903,79.915608
0.904,80.313042
0.905,80.327762
0.906,79.945047
0.907,81.004871
0.908,80.769355
0.909,80.151124
0.91,80.180564
0.911,80.725196
0.912,80.239443
0.913,80.136404
0.914,79.856729
0.915,79.856729
0.916,79.562333
0.917,79.562333
0.918,79.635932
0.919,80.239443
0.92,80.40136
0.921,80.121685
0.922,80.577998
0.923,79.812569
0.924,79.886168
0.925,79.930328
0.926,80.003926
0.927,79.915608
0.928,79.871448
0.929,80.062806
0.93,80.210003
0.931,79.680091
0.932,80.018646
0.933,80.151124
0.934,80.195284
0.935,80.327762
0.936,79.900888
0.937,79.900888
0.938,80.003926
0.939,79.827289
0.94,79.532893
0.941,79.429855
0.942,79.356256
0.943,79.150179
0.944,79.518174
0.945,79.12074
0.946,79.194339
0.947,79.385696
0.948,79.488734
0.949,79.164899
0.95,79.0913
0.951,79.164899
0.952,79.73897
0.953,79.562333
0.954,79.312097
0.955,79.562333
0.956,79.312097
0.957,79.326817
0.958,78.914663
0.959,79.606492
0.96,79.326817
0.961,79.061861
0.962,78.517229
0.963,78.811624
0.964,78.620267
0.965,78.620267
0.966,80.239443
0.967,80.268882
0.968,80.327762
0.969,79.709531
0.97,79.400415
0.971,78.841064
0.972,79.0913
0.973,79.547613
0.974,79.415135
0.975,79.488734
0.976,78.914663
0.977,79.032421
0.978,79.0913
0.979,78.796905
0.98,78.561388
0.981,78.531949
0.982,78.45835
0.983,78.42891
0.984,77.913718
0.985,77.79596
0.986,78.723306
0.987,78.914663
0.988,78.090355
0.989,78.384751
0.99,78.914663
0.991,78.870503
0.992,78.355311
0.993,78.060916
0.994,77.575163
0.995,77.79596
0.996,77.707641
0.997,78.031476
0.998,78.325872
0.999,78.178674
1,77.737081
1.001,77.678201
1.002,78.266993
1.003,78.605547
1.004,78.502509
1.005,78.163954
1.006,77.76652
1.007,77.840119
1.008,77.884278
1.009,78.222833
1.01,77.987317
1.011,78.325872
1.012,78.546668
1.013,78.561388
1.014,78.208113
1.015,77.7518
1.016,77.707641
1.017,77.648762
1.018,78.384751
1.019,78.090355
1.02,77.516284
1.021,77.413245
1.022,76.898053
1.023,76.927493
1.024,77.177729
1.025,77.295487
1.026,77.207168
1.027,77.015811
1.028,76.795015
1.029,76.45646
1.03,76.44174
1.031,76.765575
1.032,76.353421
1.033,76.736136
1.034,76.691976
1.035,76.868614
1.036,76.42702
1.037,76.618377
1.038,77.030531
1.039,77.457405
1.04,77.045251
1.041,76.588938
1.042,76.353421
1.043,76.029586
1.044,76.029586
1.045,75.926548
1.046,76.353421
1.047,76.206224
1.048,76.265103
1.049,76.323982
1.05,75.705751
1.051,76.4123
1.052,76.42702
1.053,76.250383
1.054,75.897108
1.055,75.897108
1.056,76.323982
1.057,76.44174
1.058,76.059026
1.059,75.985427
1.06,75.76463
1.061,76.44174
1.062,76.809734
1.063,76.824454
1.064,76.338702
1.065,76.323982
1.066,75.80879
1.067,75.573273
1.068,75.79407
1.069,76.382861
1.07,76.176784
1.071,76.265103
1.072,76.397581
1.073,76.103185
1.074,76.147344
1.075,76.044306
1.076,76.220943
1.077,75.352476
1.078,75.720471
1.079,75.558553
1.08,75.691031
1.081,76.220943
1.082,76.500619
1.083,76.44174
1.084,75.440795
1.085,74.925603
1.086,75.11696
1.087,75.587993
1.088,75.735191
1.089,76.206224
1.09,75.352476
1.091,74.734246
1.092,74.822564
1.093,75.10224
1.094,75.632152
1.095,74.793125
1.096,75.08752
1.097,74.793125
1.098,75.11696
1.099,74.852004
1.1,74.587048
1.101,74.763685
1.102,74.395691
1.103,74.116015
1.104,74.145455
1.105,75.1464
1.106,75.10224
1.107,74.763685
1.108,74.572328
1.109,74.322092
1.11,74.587048
1.111,74.704806
1.112,74.881444
1.113,74.719526
1.114,74.45457
1.115,74.616488
1.116,74.969762
1.117,74.616488
1.118,74.45457
1.119,74.631207
1.12,74.940323
1.121,74.866724
1.122,74.763685
1.123,74.955042
1.124,74.484009
1.125,75.028641
1.126,74.999202
1.127,75.323037
1.128,74.395691
1.129,74.601768
1.13,74.572328
1.131,74.763685
1.132,74.984482
1.133,74.910883
1.134,75.293597
1.135,74.940323
1.136,74.866724
1.137,74.46929
1.138,74.43985
1.139,74.734246
1.14,74.380971
1.141,74.484009
1.142,74.645927
1.143,74.616488
1.144,73.76274
1.145,73.630262
1.146,73.674422
1.147,73.939378
1.148,73.497784
1.149,73.483065
1.15,73.483065
1.151,73.321147
1.152,73.615543
1.153,73.644982
1.154,73.409466
1.155,73.026751
1.156,73.026751
1.157,73.188669
1.158,72.761795
1.159,72.805955
1.16,72.805955
1.161,72.644037
1.162,72.246603
1.163,71.996367
1.164,71.908048
1.165,72.084686
1.166,72.45268
1.167,72.069966
1.168,72.217164
1.169,72.055246
1.17,72.025807
1.171,71.731411
1.172,71.672532
1.173,71.584213
1.174,71.937488
1.175,71.834449
1.176,72.099405
1.177,71.495894
1.178,71.407576
1.179,71.304537
1.18,71.657812
1.181,72.261323
1.182,71.863889
1.183,71.628372
1.184,71.908048
1.185,71.746131
1.186,71.525334
1.187,71.878609
1.188,71.613653
1.189,71.275098
1.19,71.15734
1.191,70.951263
1.192,71.437015
1.193,71.363416
1.194,71.333977
1.195,71.083741
1.196,71.069021
1.197,70.980702
1.198,71.378136
1.199,71.422296
1.2,70.980702
1.201,71.039581
1.202,70.936543
1.203,70.965982
1.204,71.172059
1.205,70.848224
1.206,71.083741
1.207,70.892384
1.208,71.14262
1.209,71.010142
1.21,71.024862
1.211,71.069021
1.212,71.525334
1.213,71.643092
1.214,70.907103
1.215,71.083741
1.216,70.789345
1.217,70.377191
1.218,70.818785
1.219,70.804065
1.22,70.848224
1.221,70.759906
1.222,70.818785
1.223,70.701026
1.224,70.951263
1.225,71.15734
1.226,70.46551
1.227,70.921823
1.228,70.49495
1.229,70.288873
1.23,70.244713
1.231,70.053356
1.232,69.906158
1.233,70.303592
1.234,70.553829
1.235,69.935598
1.236,69.700082
1.237,69.449845
1.238,69.641202
1.239,69.906158
1.24,69.861999
1.241,70.038636
1.242,69.567604
1.243,69.214329
1.244,69.11129
1.245,69.420406
1.246,69.538164
1.247,69.508724
1.248,69.435126
1.249,69.229049
1.25,69.641202
1.251,69.346807
1.252,69.538164
1.253,69.626483
1.254,69.287928
1.255,69.508724
1.256,69.008252
1.257,69.494005
1.258,68.713856
1.259,68.713856
1.26,69.037691
1.261,68.846334
1.262,68.625538
1.263,68.507779
1.264,68.669697
1.265,68.728576
1.266,68.758016
1.267,68.301703
1.268,68.110345
1.269,68.46362
1.27,68.934653
1.271,68.684417
1.272,68.669697
1.273,68.831615
1.274,68.802175
1.275,68.669697
1.276,68.758016
1.277,68.831615
1.278,68.934653
1.279,68.934653
1.28,68.919933
1.281,68.816895
1.282,69.229049
1.283,69.022972
1.284,69.243768
1.285,69.037691
1.286,68.993532
1.287,68.434181
1.288,68.787455
1.289,68.728576
1.29,68.581378
1.291,68.699137
1.292,68.110345
1.293,68.169225
1.294,67.624593
1.295,67.639313
1.296,67.492115
1.297,67.389076
1.298,67.609873
1.299,67.344917
1.3,67.079961
1.301,66.918043
1.302,66.594208
1.303,66.152615
1.304,66.550049
1.305,66.402851
1.306,65.961258
1.307,65.13695
1.308,65.357747
1.309,64.842555
1.31,65.12223
1.311,64.607038
1.312,64.268483
1.313,64.018247
1.314,63.473615
1.315,63.561934
1.316,62.943703
1.317,63.267538
1.318,63.046742
1.319,62.914264
1.32,62.119396
1.321,61.869159
1.322,61.545324
1.323,60.676857
1.324,60.456061
1.325,60.132226
1.326,60.220544
1.327,60.279423
1.328,59.881989
1.329,59.293198
1.33,58.571929
1.331,58.277533
1.332,58.012577
1.333,58.49833
1.334,57.011633
1.335,57.247149
1.336,56.996913
1.337,57.041072
1.338,56.555319
1.339,56.054847
1.34,56.010688
1.341,55.657413
1.342,55.716292
1.343,55.259979
1.344,55.245259
1.345,54.656468
1.346,54.656468
1.347,53.684963
1.348,53.935199
1.349,54.023518
1.35,52.948974
1.351,53.493605
1.352,53.066732
1.353,52.934254
1.354,52.257144
1.355,51.84499
1.356,51.050122
1.357,51.476996
1.358,50.623249
1.359,50.54965
1.36,50.269974
1.361,49.622304
1.362,49.475106
1.363,48.930474
1.364,48.694958
1.365,48.650798
1.366,47.326018
1.367,47.252419
1.368,47.20826
1.369,47.046343
1.37,45.706843
1.371,46.251475
1.372,46.207315
1.373,45.706843
1.374,45.324128
1.375,44.632299
1.376,44.411502
1.377,44.205425
1.378,44.382063
1.379,43.587195
1.38,42.689288
1.381,42.262415
1.382,42.232975
1.383,42.58625
1.384,41.953299
1.385,40.672679
1.386,40.55492
1.387,40.59908
1.388,40.172206
1.389,39.377338
1.39,39.097662
1.391,39.171261
1.392,38.126157
1.393,37.787602
1.394,37.552085
1.395,37.007454
1.396,36.521701
1.397,36.315624
1.398,35.815152
1.399,34.57869
1.4,34.57869
1.401,34.166536
1.402,33.769102
1.403,32.871196
1.404,32.944795
1.405,32.282405
1.406,31.458097
1.407,31.752493
1.408,31.487537
1.409,30.766268
1.41,30.206916
1.411,30.074438
1.412,29.588685
1.413,29.382608
1.414,28.793817
1.415,28.440543
1.416,28.028389
1.417,27.513197
1.418,27.174642
1.419,27.056883
1.42,26.865526
1.421,26.217856
1.422,25.923461
1.423,25.820422
1.424,25.717384
1.425,24.996115
1.426,24.760598
1.427,24.274845
1.428,23.862692
1.429,23.803812
1.43,22.920626
1.431,22.935346
1.432,22.479032
1.433,22.272956
1.434,21.772483
1.435,21.610565
1.436,21.272011
1.437,20.786258
1.438,20.565461
1.439,20.168027
1.44,19.814753
1.441,19.520357
1.442,19.211242
1.443,19.122923
1.444,18.328055
1.445,18.254456
1.446,18.033659
1.447,17.783423
1.448,17.32711
1.449,17.150473
1.45,16.811918
1.451,16.782478
1.452,16.149528
1.453,15.899291
1.454,15.869852
1.455,15.604896
1.456,15.442978
1.457,15.089704
1.458,14.633391
1.459,14.618671
1.46,14.132918
1.461,14.044599
1.462,13.676605
1.463,13.455808
1.464,13.293891
1.465,13.176132
1.466,12.602061
1.467,12.64622
1.468,12.351825
1.469,12.189907
1.47,12.116308
1.471,11.704155
1.472,11.409759
1.473,11.071204
1.474,11.115363
1.475,10.909287
1.476,10.67377
1.477,10.202737
1.478,10.143858
1.479,10.055539
1.48,9.878902
1.481,9.643386
1.482,9.319551
1.483,9.231232
1.484,9.172353
1.485,8.936836
1.486,8.67188
1.487,8.436364
1.488,8.303886
1.489,8.392204
1.49,8.083089
1.491,7.950611
1.492,7.670935
1.493,7.405979
1.494,7.494298
1.495,7.155743
1.496,6.949666
1.497,6.861348
1.498,6.69943
1.499,6.861348
1.5,6.463914
1.501,6.375595
1.502,6.257837
1.503,6.169518
1.504,5.610166
1.505,5.919282
1.506,5.816243
1.507,5.462969
1.508,5.595447
1.509,5.301051
1.51,4.991936
1.511,5.153853
1.512,5.109694
1.513,4.800579
1.514,4.226507
1.515,5.448249
1.516,5.271611
1.517,4.550342
1.518,4.520903
1.519,4.815298
1.52,4.432584
1.521,4.226507
1.522,4.197068
1.523,4.167628
1.524,3.902672
1.525,3.696595
1.526,3.770194
1.527,3.578837
1.528,3.608277
1.529,3.505238
1.53,3.093084
1.531,3.328601
1.532,3.166683
1.533,2.916447
1.534,2.72509
1.535,2.887007
1.536,2.73981
1.537,2.386535
1.538,2.622051
1.539,2.268777
1.54,2.092139
1.541,2.209898
1.542,2.106859
1.543,2.298216
1.544,1.959661
1.545,1.871343
1.546,1.871343
1.547,2.07742
1.548,1.856623
1.549,1.768304
1.55,1.856623
1.551,1.621106
1.552,1.591667
1.553,1.621106
1.554,1.488628
1.555,1.547508
1.556,1.488628
1.557,1.459189
1.558,1.267832
1.559,1.37087
1.56,1.164793
1.561,1.150074
1.562,1.091194
1.563,1.164793
1.564,1.238392
1.565,1.105914
1.566,0.973436
1.567,0.973436
1.568,0.811519
1.569,1.091194
1.57,0.899837
1.571,0.767359
1.572,0.634881
1.573,0.73792
1.574,0.69376
1.575,0.752639
1.576,0.840958
1.577,0.605442
1.578,0.605442
1.579,0.472964
1.58,0.590722
1.581,0.531843
1.582,0.561282
1.583,0.399365
1.584,0.620161
1.585,0.325766
1.586,0.325766
1.587,0.311046
1.588,0.576002
1.589,0.222727
1.59,0.311046
1.591,0.399365
1.592,0.266887
1.593,0.340486
1.594,0.281607
1.595,0.252167
1.596,0.252167
1.597,0.311046
1.598,0.134409
1.599,0.163848
1.5991,0.193288
1.5992,0.222727
1.5993,0.384645
1.5994,0.266887
1.5995,0.325766
1.5996,0.222727
1.5997,0.384645
1.5998,0.208008
1.5999,0.355205
1.6,0.163848